STATION,NAME,DATE,AWND,PRCP,SNOW,TAVG,TMAX,TMIN
USW00014739,"BOSTON, MA US",2015-08-01,10.51,0.0,0.0,79.0,90,68
USW00014739,"BOSTON, MA US",2015-08-02,11.41,0.0,0.0,78.0,88,68
USW00014739,"BOSTON, MA US",2015-08-03,12.75,0.0,0.0,78.0,90,68
USW00014739,"BOSTON, MA US",2015-08-04,9.4,0.49,0.0,76.0,89,66
USW00014739,"BOSTON, MA US",2015-08-05,10.51,0.0,0.0,75.0,85,65
USW00014739,"BOSTON, MA US",2015-08-06,9.17,0.0,0.0,74.0,82,65
USW00014739,"BOSTON, MA US",2015-08-07,7.83,0.0,0.0,70.0,73,64
USW00014739,"BOSTON, MA US",2015-08-08,6.26,0.0,0.0,67.0,76,61
USW00014739,"BOSTON, MA US",2015-08-09,8.72,0.0,0.0,66.0,73,62
USW00014739,"BOSTON, MA US",2015-08-10,10.29,0.0,0.0,70.0,83,63
USW00014739,"BOSTON, MA US",2015-08-11,9.62,0.83,0.0,68.0,72,64
USW00014739,"BOSTON, MA US",2015-08-12,8.95,0.0,0.0,75.0,85,68
USW00014739,"BOSTON, MA US",2015-08-13,8.05,0.0,0.0,73.0,82,66
USW00014739,"BOSTON, MA US",2015-08-14,9.17,0.0,0.0,75.0,86,63
USW00014739,"BOSTON, MA US",2015-08-15,7.61,0.08,0.0,76.0,91,68
USW00014739,"BOSTON, MA US",2015-08-16,6.71,0.0,0.0,75.0,90,67
USW00014739,"BOSTON, MA US",2015-08-17,7.83,0.0,0.0,80.0,91,71
USW00014739,"BOSTON, MA US",2015-08-18,8.05,0.14,0.0,78.0,87,71
USW00014739,"BOSTON, MA US",2015-08-19,8.72,0.0,0.0,78.0,88,71
USW00014739,"BOSTON, MA US",2015-08-20,10.74,0.0,0.0,73.0,78,68
USW00014739,"BOSTON, MA US",2015-08-21,5.82,0.63,0.0,72.0,83,67
USW00014739,"BOSTON, MA US",2015-08-22,6.93,0.0,0.0,71.0,73,67
USW00014739,"BOSTON, MA US",2015-08-23,8.05,0.02,0.0,68.0,71,67
USW00014739,"BOSTON, MA US",2015-08-24,6.04,0.0,0.0,71.0,75,68
USW00014739,"BOSTON, MA US",2015-08-25,8.5,0.0,0.0,71.0,81,67
USW00014739,"BOSTON, MA US",2015-08-26,7.83,0.0,0.0,76.0,85,69
USW00014739,"BOSTON, MA US",2015-08-27,10.07,0.0,0.0,74.0,82,65
USW00014739,"BOSTON, MA US",2015-08-28,7.61,0.0,0.0,70.0,75,64
USW00014739,"BOSTON, MA US",2015-08-29,7.38,0.0,0.0,72.0,82,63
USW00014739,"BOSTON, MA US",2015-08-30,8.95,0.0,0.0,77.0,88,69
USW00014739,"BOSTON, MA US",2015-08-31,11.18,0.0,0.0,80.0,90,71
USW00014739,"BOSTON, MA US",2015-09-01,9.4,0.0,0.0,76.0,79,69
USW00014739,"BOSTON, MA US",2015-09-02,9.17,0.0,0.0,77.0,91,66
USW00014739,"BOSTON, MA US",2015-09-03,5.59,0.01,0.0,76.0,82,70
USW00014739,"BOSTON, MA US",2015-09-04,10.74,0.0,0.0,69.0,72,62
USW00014739,"BOSTON, MA US",2015-09-05,7.16,0.0,0.0,65.0,73,58
USW00014739,"BOSTON, MA US",2015-09-06,9.62,0.0,0.0,70.0,82,61
USW00014739,"BOSTON, MA US",2015-09-07,11.86,0.0,0.0,77.0,93,66
USW00014739,"BOSTON, MA US",2015-09-08,7.38,0.2,0.0,81.0,96,72
USW00014739,"BOSTON, MA US",2015-09-09,12.75,0.0,0.0,80.0,93,72
USW00014739,"BOSTON, MA US",2015-09-10,10.96,0.17,0.0,74.0,77,64
USW00014739,"BOSTON, MA US",2015-09-11,9.84,0.66,0.0,65.0,73,63
USW00014739,"BOSTON, MA US",2015-09-12,6.49,0.01,0.0,66.0,71,60
USW00014739,"BOSTON, MA US",2015-09-13,9.62,0.38,0.0,64.0,66,63
USW00014739,"BOSTON, MA US",2015-09-14,15.21,0.0,0.0,65.0,72,57
USW00014739,"BOSTON, MA US",2015-09-15,10.74,0.0,0.0,71.0,84,62
USW00014739,"BOSTON, MA US",2015-09-16,6.93,0.0,0.0,73.0,81,65
USW00014739,"BOSTON, MA US",2015-09-17,7.38,0.0,0.0,76.0,89,64
USW00014739,"BOSTON, MA US",2015-09-18,7.61,0.0,0.0,75.0,85,65
USW00014739,"BOSTON, MA US",2015-09-19,9.62,0.0,0.0,70.0,79,62
USW00014739,"BOSTON, MA US",2015-09-20,11.63,0.0,0.0,71.0,75,57
USW00014739,"BOSTON, MA US",2015-09-21,10.74,0.0,0.0,60.0,66,53
USW00014739,"BOSTON, MA US",2015-09-22,9.4,0.0,0.0,63.0,68,56
USW00014739,"BOSTON, MA US",2015-09-23,5.59,0.0,0.0,61.0,68,54
USW00014739,"BOSTON, MA US",2015-09-24,8.5,0.0,0.0,65.0,74,58
USW00014739,"BOSTON, MA US",2015-09-25,8.72,0.0,0.0,61.0,66,55
USW00014739,"BOSTON, MA US",2015-09-26,9.62,0.0,0.0,58.0,63,50
USW00014739,"BOSTON, MA US",2015-09-27,6.93,0.0,0.0,56.0,64,48
USW00014739,"BOSTON, MA US",2015-09-28,6.71,0.0,0.0,65.0,78,56
USW00014739,"BOSTON, MA US",2015-09-29,9.17,0.04,0.0,72.0,84,65
USW00014739,"BOSTON, MA US",2015-09-30,12.97,2.46,0.0,71.0,78,57
USW00014739,"BOSTON, MA US",2015-10-01,17.22,0.0,0.0,58.0,59,54
USW00014739,"BOSTON, MA US",2015-10-02,20.36,0.08,0.0,53.0,54,50
USW00014739,"BOSTON, MA US",2015-10-03,22.37,0.01,0.0,52.0,54,49
USW00014739,"BOSTON, MA US",2015-10-04,18.12,0.0,0.0,54.0,56,51
USW00014739,"BOSTON, MA US",2015-10-05,9.17,0.0,0.0,54.0,61,48
USW00014739,"BOSTON, MA US",2015-10-06,5.59,0.0,0.0,55.0,64,48
USW00014739,"BOSTON, MA US",2015-10-07,7.16,0.0,0.0,60.0,72,52
USW00014739,"BOSTON, MA US",2015-10-08,8.72,0.0,0.0,58.0,62,51
USW00014739,"BOSTON, MA US",2015-10-09,14.76,0.34,0.0,60.0,72,52
USW00014739,"BOSTON, MA US",2015-10-10,9.84,0.0,0.0,57.0,61,48
USW00014739,"BOSTON, MA US",2015-10-11,13.87,0.0,0.0,56.0,68,48
USW00014739,"BOSTON, MA US",2015-10-12,7.61,0.0,0.0,62.0,76,51
USW00014739,"BOSTON, MA US",2015-10-13,7.61,0.12,0.0,61.0,72,55
USW00014739,"BOSTON, MA US",2015-10-14,12.53,0.0,0.0,63.0,68,51
USW00014739,"BOSTON, MA US",2015-10-15,8.72,0.0,0.0,54.0,62,47
USW00014739,"BOSTON, MA US",2015-10-16,11.86,0.0,0.0,55.0,61,50
USW00014739,"BOSTON, MA US",2015-10-17,11.86,0.0,0.0,51.0,56,40
USW00014739,"BOSTON, MA US",2015-10-18,11.41,0.0,0.0,41.0,47,33
USW00014739,"BOSTON, MA US",2015-10-19,10.74,0.0,0.0,38.0,48,31
USW00014739,"BOSTON, MA US",2015-10-20,11.63,0.0,0.0,53.0,66,45
USW00014739,"BOSTON, MA US",2015-10-21,6.26,0.07,0.0,58.0,61,53
USW00014739,"BOSTON, MA US",2015-10-22,10.96,0.0,0.0,60.0,73,52
USW00014739,"BOSTON, MA US",2015-10-23,13.42,0.0,0.0,54.0,59,40
USW00014739,"BOSTON, MA US",2015-10-24,5.82,0.0,0.0,43.0,49,38
USW00014739,"BOSTON, MA US",2015-10-25,11.63,0.03,0.0,54.0,63,48
USW00014739,"BOSTON, MA US",2015-10-26,8.5,0.0,0.0,49.0,52,43
USW00014739,"BOSTON, MA US",2015-10-27,5.82,0.0,0.0,46.0,54,38
USW00014739,"BOSTON, MA US",2015-10-28,17.0,0.36,0.0,49.0,65,42
USW00014739,"BOSTON, MA US",2015-10-29,17.0,0.73,0.0,67.0,75,57
USW00014739,"BOSTON, MA US",2015-10-30,12.97,0.0,0.0,56.0,61,42
USW00014739,"BOSTON, MA US",2015-10-31,6.93,0.0,0.0,45.0,52,38
USW00014739,"BOSTON, MA US",2015-11-01,10.74,0.0,0.0,53.0,62,48
USW00014739,"BOSTON, MA US",2015-11-02,7.16,0.0,0.0,57.0,64,51
USW00014739,"BOSTON, MA US",2015-11-03,7.61,0.0,0.0,57.0,73,47
USW00014739,"BOSTON, MA US",2015-11-04,6.71,0.0,0.0,57.0,60,49
USW00014739,"BOSTON, MA US",2015-11-05,11.86,0.0,0.0,61.0,76,50
USW00014739,"BOSTON, MA US",2015-11-06,14.54,0.0,0.0,67.0,73,62
USW00014739,"BOSTON, MA US",2015-11-07,13.2,0.0,0.0,62.0,69,50
USW00014739,"BOSTON, MA US",2015-11-08,11.41,0.0,0.0,51.0,56,44
USW00014739,"BOSTON, MA US",2015-11-09,8.95,0.0,0.0,51.0,60,41
USW00014739,"BOSTON, MA US",2015-11-10,7.61,0.07,0.0,49.0,53,44
USW00014739,"BOSTON, MA US",2015-11-11,16.11,0.54,0.0,48.0,50,46
USW00014739,"BOSTON, MA US",2015-11-12,7.38,0.04,0.0,47.0,57,46
USW00014739,"BOSTON, MA US",2015-11-13,17.9,0.01,0.0,54.0,59,46
USW00014739,"BOSTON, MA US",2015-11-14,16.11,0.0,0.0,45.0,47,37
USW00014739,"BOSTON, MA US",2015-11-15,9.62,0.0,0.0,43.0,54,37
USW00014739,"BOSTON, MA US",2015-11-16,10.74,0.0,0.0,53.0,61,39
USW00014739,"BOSTON, MA US",2015-11-17,6.71,0.0,0.0,40.0,45,33
USW00014739,"BOSTON, MA US",2015-11-18,6.26,0.0,0.0,40.0,48,31
USW00014739,"BOSTON, MA US",2015-11-19,8.95,0.0,0.0,47.0,55,43
USW00014739,"BOSTON, MA US",2015-11-20,12.75,0.86,0.0,56.0,61,44
USW00014739,"BOSTON, MA US",2015-11-21,7.61,0.0,0.0,44.0,48,38
USW00014739,"BOSTON, MA US",2015-11-22,7.16,0.3,0.0,43.0,49,36
USW00014739,"BOSTON, MA US",2015-11-23,13.42,0.04,0.0,40.0,42,30
USW00014739,"BOSTON, MA US",2015-11-24,8.05,0.0,0.0,35.0,44,29
USW00014739,"BOSTON, MA US",2015-11-25,6.04,0.0,0.0,39.0,44,30
USW00014739,"BOSTON, MA US",2015-11-26,9.62,0.0,0.0,46.0,59,38
USW00014739,"BOSTON, MA US",2015-11-27,14.32,0.0,0.0,54.0,64,48
USW00014739,"BOSTON, MA US",2015-11-28,9.62,0.21,0.0,52.0,60,41
USW00014739,"BOSTON, MA US",2015-11-29,9.62,0.0,0.0,38.0,44,32
USW00014739,"BOSTON, MA US",2015-11-30,8.72,0.0,0.0,33.0,38,28
USW00014739,"BOSTON, MA US",2015-12-01,6.04,0.14,0.0,38.0,45,32
USW00014739,"BOSTON, MA US",2015-12-02,3.8,0.32,0.0,43.0,51,39
USW00014739,"BOSTON, MA US",2015-12-03,14.09,0.0,0.0,48.0,52,41
USW00014739,"BOSTON, MA US",2015-12-04,10.74,0.0,0.0,43.0,48,38
USW00014739,"BOSTON, MA US",2015-12-05,6.71,0.0,0.0,44.0,53,39
USW00014739,"BOSTON, MA US",2015-12-06,8.05,0.0,0.0,44.0,59,36
USW00014739,"BOSTON, MA US",2015-12-07,7.38,0.0,0.0,45.0,56,37
USW00014739,"BOSTON, MA US",2015-12-08,10.51,0.0,0.0,42.0,44,37
USW00014739,"BOSTON, MA US",2015-12-09,7.61,0.0,0.0,40.0,46,37
USW00014739,"BOSTON, MA US",2015-12-10,4.92,0.0,0.0,48.0,58,43
USW00014739,"BOSTON, MA US",2015-12-11,7.83,0.0,0.0,49.0,58,43
USW00014739,"BOSTON, MA US",2015-12-12,7.16,0.0,0.0,53.0,61,49
USW00014739,"BOSTON, MA US",2015-12-13,6.71,0.0,0.0,51.0,53,46
USW00014739,"BOSTON, MA US",2015-12-14,4.25,0.42,0.0,47.0,58,46
USW00014739,"BOSTON, MA US",2015-12-15,14.09,0.19,0.0,55.0,61,48
USW00014739,"BOSTON, MA US",2015-12-16,8.72,0.0,0.0,44.0,48,38
USW00014739,"BOSTON, MA US",2015-12-17,8.05,0.55,0.0,44.0,52,39
USW00014739,"BOSTON, MA US",2015-12-18,10.51,0.04,0.0,49.0,52,39
USW00014739,"BOSTON, MA US",2015-12-19,15.43,0.0,0.0,38.0,40,33
USW00014739,"BOSTON, MA US",2015-12-20,10.29,0.0,0.0,36.0,41,31
USW00014739,"BOSTON, MA US",2015-12-21,16.11,0.0,0.0,42.0,53,32
USW00014739,"BOSTON, MA US",2015-12-22,8.95,0.23,0.0,52.0,60,48
USW00014739,"BOSTON, MA US",2015-12-23,7.38,0.76,0.0,52.0,56,45
USW00014739,"BOSTON, MA US",2015-12-24,8.05,0.24,0.0,55.0,69,48
USW00014739,"BOSTON, MA US",2015-12-25,5.59,0.0,0.0,57.0,62,49
USW00014739,"BOSTON, MA US",2015-12-26,6.71,0.0,0.0,49.0,55,41
USW00014739,"BOSTON, MA US",2015-12-27,6.26,0.26,0.0,46.0,50,38
USW00014739,"BOSTON, MA US",2015-12-28,13.42,0.0,0.0,35.0,38,29
USW00014739,"BOSTON, MA US",2015-12-29,18.12,1.02,0.9,33.0,40,24
USW00014739,"BOSTON, MA US",2015-12-30,6.26,0.03,0.0,26.0,37,25
USW00014739,"BOSTON, MA US",2015-12-31,8.72,0.08,0.0,38.0,47,33
USW00014739,"BOSTON, MA US",2016-01-01,12.75,0.0,0.0,39.0,41,33
USW00014739,"BOSTON, MA US",2016-01-02,13.42,0.0,0.0,35.0,40,31
USW00014739,"BOSTON, MA US",2016-01-03,11.63,0.0,0.0,36.0,44,31
USW00014739,"BOSTON, MA US",2016-01-04,12.3,0.0,0.0,30.0,36,14
USW00014739,"BOSTON, MA US",2016-01-05,10.07,0.0,0.0,16.0,26,8
USW00014739,"BOSTON, MA US",2016-01-06,10.07,0.0,0.0,30.0,45,21
USW00014739,"BOSTON, MA US",2016-01-07,6.49,0.0,0.0,33.0,43,26
USW00014739,"BOSTON, MA US",2016-01-08,10.96,0.0,0.0,35.0,42,30
USW00014739,"BOSTON, MA US",2016-01-09,6.04,0.01,0.0,40.0,41,38
USW00014739,"BOSTON, MA US",2016-01-10,14.99,1.38,0.0,45.0,58,38
USW00014739,"BOSTON, MA US",2016-01-11,19.24,0.0,0.0,40.0,51,25
USW00014739,"BOSTON, MA US",2016-01-12,9.62,0.08,0.3,29.0,37,21
USW00014739,"BOSTON, MA US",2016-01-13,19.69,0.0,0.0,29.0,33,21
USW00014739,"BOSTON, MA US",2016-01-14,10.51,0.0,0.0,24.0,30,21
USW00014739,"BOSTON, MA US",2016-01-15,6.49,0.0,0.0,31.0,42,26
USW00014739,"BOSTON, MA US",2016-01-16,9.4,1.22,0.0,39.0,43,34
USW00014739,"BOSTON, MA US",2016-01-17,9.4,0.1,1.3,35.0,38,29
USW00014739,"BOSTON, MA US",2016-01-18,16.78,0.11,1.8,27.0,29,19
USW00014739,"BOSTON, MA US",2016-01-19,21.92,0.0,0.0,20.0,25,16
USW00014739,"BOSTON, MA US",2016-01-20,18.79,0.0,0.0,24.0,33,19
USW00014739,"BOSTON, MA US",2016-01-21,13.87,0.0,0.0,27.0,33,21
USW00014739,"BOSTON, MA US",2016-01-22,11.41,0.0,0.0,24.0,32,19
USW00014739,"BOSTON, MA US",2016-01-23,20.36,0.37,6.1,29.0,32,20
USW00014739,"BOSTON, MA US",2016-01-24,11.18,0.0,0.0,25.0,36,18
USW00014739,"BOSTON, MA US",2016-01-25,7.16,0.0,0.0,31.0,35,26
USW00014739,"BOSTON, MA US",2016-01-26,14.32,0.0,0.0,37.0,51,28
USW00014739,"BOSTON, MA US",2016-01-27,12.08,0.0,0.0,43.0,45,31
USW00014739,"BOSTON, MA US",2016-01-28,8.05,0.0,0.0,34.0,42,26
USW00014739,"BOSTON, MA US",2016-01-29,7.38,0.0,0.0,36.0,41,33
USW00014739,"BOSTON, MA US",2016-01-30,13.65,0.0,0.0,36.0,43,30
USW00014739,"BOSTON, MA US",2016-01-31,11.86,0.0,0.0,43.0,57,38
USW00014739,"BOSTON, MA US",2016-02-01,13.87,0.0,0.0,49.0,65,39
USW00014739,"BOSTON, MA US",2016-02-02,6.93,0.0,0.0,44.0,50,36
USW00014739,"BOSTON, MA US",2016-02-03,14.54,0.33,0.0,42.0,57,35
USW00014739,"BOSTON, MA US",2016-02-04,10.51,0.01,0.0,54.0,56,43
USW00014739,"BOSTON, MA US",2016-02-05,13.42,0.96,6.8,37.0,43,25
USW00014739,"BOSTON, MA US",2016-02-06,10.51,0.0,0.0,29.0,35,24
USW00014739,"BOSTON, MA US",2016-02-07,9.84,0.0,0.0,34.0,44,29
USW00014739,"BOSTON, MA US",2016-02-08,21.25,0.53,6.4,29.0,38,18
USW00014739,"BOSTON, MA US",2016-02-09,6.26,0.0,0.1,23.0,29,20
USW00014739,"BOSTON, MA US",2016-02-10,6.71,0.0,0.1,28.0,36,20
USW00014739,"BOSTON, MA US",2016-02-11,16.78,0.01,0.2,28.0,31,11
USW00014739,"BOSTON, MA US",2016-02-12,11.63,0.0,0.0,15.0,24,8
USW00014739,"BOSTON, MA US",2016-02-13,16.33,0.0,0.0,20.0,24,-4
USW00014739,"BOSTON, MA US",2016-02-14,17.22,0.0,0.0,0.0,12,-9
USW00014739,"BOSTON, MA US",2016-02-15,6.26,0.26,1.3,11.0,35,4
USW00014739,"BOSTON, MA US",2016-02-16,14.32,0.66,0.0,40.0,54,31
USW00014739,"BOSTON, MA US",2016-02-17,10.74,0.0,0.0,42.0,46,34
USW00014739,"BOSTON, MA US",2016-02-18,12.08,0.0,0.0,33.0,35,24
USW00014739,"BOSTON, MA US",2016-02-19,8.95,0.0,0.1,28.0,37,20
USW00014739,"BOSTON, MA US",2016-02-20,13.87,0.01,0.0,43.0,60,33
USW00014739,"BOSTON, MA US",2016-02-21,12.53,0.0,0.0,50.0,54,42
USW00014739,"BOSTON, MA US",2016-02-22,8.28,0.0,0.0,40.0,43,30
USW00014739,"BOSTON, MA US",2016-02-23,11.41,0.0,0.0,33.0,39,26
USW00014739,"BOSTON, MA US",2016-02-24,12.08,0.59,0.0,39.0,57,38
USW00014739,"BOSTON, MA US",2016-02-25,22.15,0.81,0.0,54.0,62,41
USW00014739,"BOSTON, MA US",2016-02-26,19.01,0.0,0.0,38.0,41,26
USW00014739,"BOSTON, MA US",2016-02-27,12.3,0.0,0.0,29.0,39,21
USW00014739,"BOSTON, MA US",2016-02-28,14.54,0.0,0.0,42.0,58,36
USW00014739,"BOSTON, MA US",2016-02-29,16.33,0.0,0.0,50.0,64,43
USW00014739,"BOSTON, MA US",2016-03-01,12.3,0.0,0.0,42.0,49,34
USW00014739,"BOSTON, MA US",2016-03-02,19.24,0.37,0.0,43.0,53,25
USW00014739,"BOSTON, MA US",2016-03-03,9.62,0.0,0.0,27.0,34,21
USW00014739,"BOSTON, MA US",2016-03-04,11.63,0.01,0.5,29.0,31,26
USW00014739,"BOSTON, MA US",2016-03-05,10.29,0.0,0.0,28.0,34,23
USW00014739,"BOSTON, MA US",2016-03-06,6.93,0.0,0.0,34.0,42,30
USW00014739,"BOSTON, MA US",2016-03-07,11.41,0.0,0.0,38.0,51,30
USW00014739,"BOSTON, MA US",2016-03-08,8.5,0.0,0.0,44.0,48,36
USW00014739,"BOSTON, MA US",2016-03-09,13.42,0.0,0.0,53.0,77,40
USW00014739,"BOSTON, MA US",2016-03-10,9.62,0.4,0.0,62.0,66,47
USW00014739,"BOSTON, MA US",2016-03-11,6.93,0.09,0.0,48.0,50,41
USW00014739,"BOSTON, MA US",2016-03-12,11.18,0.0,0.0,45.0,60,36
USW00014739,"BOSTON, MA US",2016-03-13,9.4,0.0,0.0,54.0,63,45
USW00014739,"BOSTON, MA US",2016-03-14,17.0,0.21,0.0,43.0,45,39
USW00014739,"BOSTON, MA US",2016-03-15,17.0,1.14,0.0,43.0,45,41
USW00014739,"BOSTON, MA US",2016-03-16,8.28,0.03,0.0,43.0,48,41
USW00014739,"BOSTON, MA US",2016-03-17,10.51,0.07,0.0,49.0,64,43
USW00014739,"BOSTON, MA US",2016-03-18,14.09,0.03,0.0,47.0,52,35
USW00014739,"BOSTON, MA US",2016-03-19,11.41,0.0,0.0,37.0,45,29
USW00014739,"BOSTON, MA US",2016-03-20,10.51,0.02,0.0,32.0,35,26
USW00014739,"BOSTON, MA US",2016-03-21,10.07,0.22,3.6,33.0,44,28
USW00014739,"BOSTON, MA US",2016-03-22,14.99,0.0,0.0,40.0,49,33
USW00014739,"BOSTON, MA US",2016-03-23,11.63,0.0,0.0,49.0,63,42
USW00014739,"BOSTON, MA US",2016-03-24,16.33,0.0,0.0,40.0,43,36
USW00014739,"BOSTON, MA US",2016-03-25,6.49,0.16,0.0,39.0,46,37
USW00014739,"BOSTON, MA US",2016-03-26,10.29,0.0,0.0,40.0,43,34
USW00014739,"BOSTON, MA US",2016-03-27,7.61,0.0,0.0,37.0,42,34
USW00014739,"BOSTON, MA US",2016-03-28,11.18,0.41,0.0,40.0,47,38
USW00014739,"BOSTON, MA US",2016-03-29,20.58,0.0,0.0,45.0,51,38
USW00014739,"BOSTON, MA US",2016-03-30,12.08,0.0,0.0,44.0,59,34
USW00014739,"BOSTON, MA US",2016-03-31,22.82,0.0,0.0,55.0,71,43
USW00014739,"BOSTON, MA US",2016-04-01,17.9,0.05,0.0,63.0,69,59
USW00014739,"BOSTON, MA US",2016-04-02,8.95,0.32,0.0,53.0,59,42
USW00014739,"BOSTON, MA US",2016-04-03,15.88,0.49,1.9,38.0,43,29
USW00014739,"BOSTON, MA US",2016-04-04,11.18,0.41,4.7,28.0,30,24
USW00014739,"BOSTON, MA US",2016-04-05,12.53,0.0,0.0,29.0,37,22
USW00014739,"BOSTON, MA US",2016-04-06,10.07,0.0,0.0,33.0,42,25
USW00014739,"BOSTON, MA US",2016-04-07,16.55,1.03,0.0,49.0,58,42
USW00014739,"BOSTON, MA US",2016-04-08,14.99,0.0,0.0,49.0,53,37
USW00014739,"BOSTON, MA US",2016-04-09,9.84,0.0,0.0,39.0,46,32
USW00014739,"BOSTON, MA US",2016-04-10,11.86,0.0,0.0,39.0,49,31
USW00014739,"BOSTON, MA US",2016-04-11,16.78,0.01,0.0,48.0,60,42
USW00014739,"BOSTON, MA US",2016-04-12,15.88,0.22,0.0,55.0,60,43
USW00014739,"BOSTON, MA US",2016-04-13,10.29,0.0,0.0,45.0,50,38
USW00014739,"BOSTON, MA US",2016-04-14,10.51,0.0,0.0,43.0,49,38
USW00014739,"BOSTON, MA US",2016-04-15,11.41,0.0,0.0,45.0,54,38
USW00014739,"BOSTON, MA US",2016-04-16,13.42,0.0,0.0,47.0,54,41
USW00014739,"BOSTON, MA US",2016-04-17,7.61,0.0,0.0,46.0,54,39
USW00014739,"BOSTON, MA US",2016-04-18,8.5,0.0,0.0,51.0,67,42
USW00014739,"BOSTON, MA US",2016-04-19,8.5,0.02,0.0,47.0,54,44
USW00014739,"BOSTON, MA US",2016-04-20,12.3,0.0,0.0,49.0,51,44
USW00014739,"BOSTON, MA US",2016-04-21,9.62,0.0,0.0,55.0,77,43
USW00014739,"BOSTON, MA US",2016-04-22,7.83,0.0,0.0,65.0,78,58
USW00014739,"BOSTON, MA US",2016-04-23,8.28,0.09,0.0,60.0,64,48
USW00014739,"BOSTON, MA US",2016-04-24,9.62,0.0,0.0,48.0,50,42
USW00014739,"BOSTON, MA US",2016-04-25,4.47,0.0,0.0,48.0,57,44
USW00014739,"BOSTON, MA US",2016-04-26,13.42,0.27,0.0,45.0,51,37
USW00014739,"BOSTON, MA US",2016-04-27,9.84,0.0,0.0,45.0,62,37
USW00014739,"BOSTON, MA US",2016-04-28,10.51,0.0,0.0,49.0,54,41
USW00014739,"BOSTON, MA US",2016-04-29,12.3,0.0,0.0,47.0,51,43
USW00014739,"BOSTON, MA US",2016-04-30,10.74,0.0,0.0,49.0,55,41
USW00014739,"BOSTON, MA US",2016-05-01,7.38,0.1,0.0,48.0,53,43
USW00014739,"BOSTON, MA US",2016-05-02,8.05,0.39,0.0,47.0,51,43
USW00014739,"BOSTON, MA US",2016-05-03,4.92,0.1,0.0,47.0,49,45
USW00014739,"BOSTON, MA US",2016-05-04,12.97,0.48,0.0,46.0,50,43
USW00014739,"BOSTON, MA US",2016-05-05,16.33,0.15,0.0,45.0,47,44
USW00014739,"BOSTON, MA US",2016-05-06,11.41,0.09,0.0,48.0,53,46
USW00014739,"BOSTON, MA US",2016-05-07,8.05,0.0,0.0,47.0,51,46
USW00014739,"BOSTON, MA US",2016-05-08,11.86,0.02,0.0,52.0,63,46
USW00014739,"BOSTON, MA US",2016-05-09,14.99,0.0,0.0,55.0,66,46
USW00014739,"BOSTON, MA US",2016-05-10,9.4,0.0,0.0,57.0,71,47
USW00014739,"BOSTON, MA US",2016-05-11,7.38,0.0,0.0,61.0,68,54
USW00014739,"BOSTON, MA US",2016-05-12,9.17,0.0,0.0,61.0,66,54
USW00014739,"BOSTON, MA US",2016-05-13,9.17,0.11,0.0,61.0,74,52
USW00014739,"BOSTON, MA US",2016-05-14,11.41,0.0,0.0,66.0,77,59
USW00014739,"BOSTON, MA US",2016-05-15,19.46,0.0,0.0,58.0,61,45
USW00014739,"BOSTON, MA US",2016-05-16,19.01,0.0,0.0,49.0,59,42
USW00014739,"BOSTON, MA US",2016-05-17,12.3,0.0,0.0,59.0,70,50
USW00014739,"BOSTON, MA US",2016-05-18,9.4,0.0,0.0,57.0,59,49
USW00014739,"BOSTON, MA US",2016-05-19,6.71,0.0,0.0,54.0,60,50
USW00014739,"BOSTON, MA US",2016-05-20,8.95,0.0,0.0,60.0,71,51
USW00014739,"BOSTON, MA US",2016-05-21,8.5,0.0,0.0,64.0,76,53
USW00014739,"BOSTON, MA US",2016-05-22,6.71,0.0,0.0,57.0,62,52
USW00014739,"BOSTON, MA US",2016-05-23,5.82,0.0,0.0,60.0,73,51
USW00014739,"BOSTON, MA US",2016-05-24,10.29,0.26,0.0,56.0,59,52
USW00014739,"BOSTON, MA US",2016-05-25,7.61,0.0,0.0,63.0,88,53
USW00014739,"BOSTON, MA US",2016-05-26,8.05,0.0,0.0,72.0,79,58
USW00014739,"BOSTON, MA US",2016-05-27,6.93,0.0,0.0,62.0,73,58
USW00014739,"BOSTON, MA US",2016-05-28,8.28,0.0,0.0,76.0,92,67
USW00014739,"BOSTON, MA US",2016-05-29,8.5,0.0,0.0,65.0,77,53
USW00014739,"BOSTON, MA US",2016-05-30,7.16,1.13,0.0,58.0,76,52
USW00014739,"BOSTON, MA US",2016-05-31,11.41,0.0,0.0,76.0,87,68
USW00014739,"BOSTON, MA US",2016-06-01,9.62,0.0,0.0,69.0,73,57
USW00014739,"BOSTON, MA US",2016-06-02,9.4,0.0,0.0,58.0,62,56
USW00014739,"BOSTON, MA US",2016-06-03,8.05,0.0,0.0,60.0,70,57
USW00014739,"BOSTON, MA US",2016-06-04,6.49,0.0,0.0,65.0,70,61
USW00014739,"BOSTON, MA US",2016-06-05,8.5,0.91,0.0,64.0,68,60
USW00014739,"BOSTON, MA US",2016-06-06,10.51,0.0,0.0,72.0,84,65
USW00014739,"BOSTON, MA US",2016-06-07,9.17,0.15,0.0,74.0,86,63
USW00014739,"BOSTON, MA US",2016-06-08,15.66,0.0,0.0,67.0,74,57
USW00014739,"BOSTON, MA US",2016-06-09,17.67,0.0,0.0,61.0,69,54
USW00014739,"BOSTON, MA US",2016-06-10,11.18,0.0,0.0,62.0,72,55
USW00014739,"BOSTON, MA US",2016-06-11,6.93,0.02,0.0,61.0,68,54
USW00014739,"BOSTON, MA US",2016-06-12,17.22,0.0,0.0,68.0,80,55
USW00014739,"BOSTON, MA US",2016-06-13,16.78,0.0,0.0,62.0,73,54
USW00014739,"BOSTON, MA US",2016-06-14,12.3,0.0,0.0,67.0,79,55
USW00014739,"BOSTON, MA US",2016-06-15,10.07,0.0,0.0,74.0,85,66
USW00014739,"BOSTON, MA US",2016-06-16,6.93,0.0,0.0,71.0,77,61
USW00014739,"BOSTON, MA US",2016-06-17,8.28,0.12,0.0,66.0,74,59
USW00014739,"BOSTON, MA US",2016-06-18,9.84,0.0,0.0,66.0,72,60
USW00014739,"BOSTON, MA US",2016-06-19,11.63,0.0,0.0,68.0,82,57
USW00014739,"BOSTON, MA US",2016-06-20,12.75,0.0,0.0,71.0,83,60
USW00014739,"BOSTON, MA US",2016-06-21,12.97,0.02,0.0,73.0,87,64
USW00014739,"BOSTON, MA US",2016-06-22,9.62,0.0,0.0,72.0,78,64
USW00014739,"BOSTON, MA US",2016-06-23,8.95,0.0,0.0,69.0,77,60
USW00014739,"BOSTON, MA US",2016-06-24,8.5,0.0,0.0,67.0,72,61
USW00014739,"BOSTON, MA US",2016-06-25,6.26,0.0,0.0,66.0,73,59
USW00014739,"BOSTON, MA US",2016-06-26,9.62,0.0,0.0,70.0,84,59
USW00014739,"BOSTON, MA US",2016-06-27,15.21,0.0,0.0,74.0,86,64
USW00014739,"BOSTON, MA US",2016-06-28,10.51,0.08,0.0,73.0,79,68
USW00014739,"BOSTON, MA US",2016-06-29,8.5,0.03,0.0,74.0,87,67
USW00014739,"BOSTON, MA US",2016-06-30,9.84,0.0,0.0,73.0,81,68
USW00014739,"BOSTON, MA US",2016-07-01,11.41,0.2,0.0,76.0,86,68
USW00014739,"BOSTON, MA US",2016-07-02,12.75,0.0,0.0,73.0,80,65
USW00014739,"BOSTON, MA US",2016-07-03,10.96,0.0,0.0,73.0,84,64
USW00014739,"BOSTON, MA US",2016-07-04,11.86,0.0,0.0,77.0,88,66
USW00014739,"BOSTON, MA US",2016-07-05,5.14,0.23,0.0,70.0,76,64
USW00014739,"BOSTON, MA US",2016-07-06,8.95,0.0,0.0,78.0,94,71
USW00014739,"BOSTON, MA US",2016-07-07,8.05,0.0,0.0,70.0,79,61
USW00014739,"BOSTON, MA US",2016-07-08,10.51,0.02,0.0,63.0,67,61
USW00014739,"BOSTON, MA US",2016-07-09,9.62,0.11,0.0,62.0,65,59
USW00014739,"BOSTON, MA US",2016-07-10,6.26,0.09,0.0,62.0,64,59
USW00014739,"BOSTON, MA US",2016-07-11,6.93,0.0,0.0,65.0,72,59
USW00014739,"BOSTON, MA US",2016-07-12,8.95,0.0,0.0,75.0,88,65
USW00014739,"BOSTON, MA US",2016-07-13,12.08,0.0,0.0,78.0,92,65
USW00014739,"BOSTON, MA US",2016-07-14,14.32,0.0,0.0,76.0,87,69
USW00014739,"BOSTON, MA US",2016-07-15,8.5,0.0,0.0,81.0,96,72
USW00014739,"BOSTON, MA US",2016-07-16,8.5,0.0,0.0,84.0,94,75
USW00014739,"BOSTON, MA US",2016-07-17,7.16,0.0,0.0,76.0,79,68
USW00014739,"BOSTON, MA US",2016-07-18,11.86,0.01,0.0,78.0,95,67
USW00014739,"BOSTON, MA US",2016-07-19,10.74,0.0,0.0,78.0,84,68
USW00014739,"BOSTON, MA US",2016-07-20,10.29,0.0,0.0,74.0,84,65
USW00014739,"BOSTON, MA US",2016-07-21,9.62,0.0,0.0,79.0,91,67
USW00014739,"BOSTON, MA US",2016-07-22,17.22,0.0,0.0,84.0,98,73
USW00014739,"BOSTON, MA US",2016-07-23,10.74,0.0,0.0,83.0,94,72
USW00014739,"BOSTON, MA US",2016-07-24,7.83,0.0,0.0,77.0,91,68
USW00014739,"BOSTON, MA US",2016-07-25,8.72,0.0,0.0,76.0,92,67
USW00014739,"BOSTON, MA US",2016-07-26,12.53,0.0,0.0,84.0,94,76
USW00014739,"BOSTON, MA US",2016-07-27,9.62,0.0,0.0,81.0,87,73
USW00014739,"BOSTON, MA US",2016-07-28,7.16,0.0,0.0,82.0,92,73
USW00014739,"BOSTON, MA US",2016-07-29,8.5,0.06,0.0,77.0,79,72
USW00014739,"BOSTON, MA US",2016-07-30,9.62,0.0,0.0,75.0,80,71
USW00014739,"BOSTON, MA US",2016-07-31,8.95,0.15,0.0,71.0,74,68
USW00014739,"BOSTON, MA US",2016-08-01,8.72,0.0,0.0,71.0,75,69
USW00014739,"BOSTON, MA US",2016-08-02,6.93,0.04,0.0,70.0,74,65
USW00014739,"BOSTON, MA US",2016-08-03,8.28,0.0,0.0,70.0,79,62
USW00014739,"BOSTON, MA US",2016-08-04,11.41,0.0,0.0,74.0,82,64
USW00014739,"BOSTON, MA US",2016-08-05,12.08,0.0,0.0,75.0,89,64
USW00014739,"BOSTON, MA US",2016-08-06,12.08,0.02,0.0,77.0,89,70
USW00014739,"BOSTON, MA US",2016-08-07,9.62,0.0,0.0,80.0,89,72
USW00014739,"BOSTON, MA US",2016-08-08,9.17,0.0,0.0,76.0,82,69
USW00014739,"BOSTON, MA US",2016-08-09,10.96,0.0,0.0,75.0,84,70
USW00014739,"BOSTON, MA US",2016-08-10,11.41,0.23,0.0,74.0,80,68
USW00014739,"BOSTON, MA US",2016-08-11,9.84,0.0,0.0,83.0,96,75
USW00014739,"BOSTON, MA US",2016-08-12,13.2,0.01,0.0,86.0,98,78
USW00014739,"BOSTON, MA US",2016-08-13,10.29,0.34,0.0,74.0,82,68
USW00014739,"BOSTON, MA US",2016-08-14,11.41,0.18,0.0,80.0,96,69
USW00014739,"BOSTON, MA US",2016-08-15,9.17,0.0,0.0,83.0,90,73
USW00014739,"BOSTON, MA US",2016-08-16,9.62,0.0,0.0,74.0,81,69
USW00014739,"BOSTON, MA US",2016-08-17,14.99,0.0,0.0,81.0,85,72
USW00014739,"BOSTON, MA US",2016-08-18,7.61,0.0,0.0,77.0,90,69
USW00014739,"BOSTON, MA US",2016-08-19,9.62,0.0,0.0,78.0,81,67
USW00014739,"BOSTON, MA US",2016-08-20,9.17,0.0,0.0,74.0,86,66
USW00014739,"BOSTON, MA US",2016-08-21,10.74,0.01,0.0,71.0,78,65
USW00014739,"BOSTON, MA US",2016-08-22,13.87,0.89,0.0,73.0,80,65
USW00014739,"BOSTON, MA US",2016-08-23,9.4,0.0,0.0,71.0,82,61
USW00014739,"BOSTON, MA US",2016-08-24,9.17,0.0,0.0,74.0,88,65
USW00014739,"BOSTON, MA US",2016-08-25,14.09,0.0,0.0,78.0,88,68
USW00014739,"BOSTON, MA US",2016-08-26,9.62,0.0,0.0,80.0,91,73
USW00014739,"BOSTON, MA US",2016-08-27,9.17,0.0,0.0,78.0,83,69
USW00014739,"BOSTON, MA US",2016-08-28,10.74,0.0,0.0,72.0,78,66
USW00014739,"BOSTON, MA US",2016-08-29,13.42,0.0,0.0,77.0,90,69
USW00014739,"BOSTON, MA US",2016-08-30,9.17,0.0,0.0,71.0,77,64
USW00014739,"BOSTON, MA US",2016-08-31,11.86,0.0,0.0,74.0,82,68
USW00014739,"BOSTON, MA US",2016-09-01,8.05,0.02,0.0,74.0,76,68
USW00014739,"BOSTON, MA US",2016-09-02,10.07,0.0,0.0,69.0,75,64
USW00014739,"BOSTON, MA US",2016-09-03,6.71,0.0,0.0,65.0,70,60
USW00014739,"BOSTON, MA US",2016-09-04,12.3,0.0,0.0,65.0,72,60
USW00014739,"BOSTON, MA US",2016-09-05,18.79,0.07,0.0,65.0,74,60
USW00014739,"BOSTON, MA US",2016-09-06,14.09,0.14,0.0,65.0,72,63
USW00014739,"BOSTON, MA US",2016-09-07,8.5,0.03,0.0,69.0,76,65
USW00014739,"BOSTON, MA US",2016-09-08,7.38,0.0,0.0,70.0,76,66
USW00014739,"BOSTON, MA US",2016-09-09,8.95,0.0,0.0,79.0,93,73
USW00014739,"BOSTON, MA US",2016-09-10,8.72,0.01,0.0,75.0,78,70
USW00014739,"BOSTON, MA US",2016-09-11,14.32,0.03,0.0,76.0,83,63
USW00014739,"BOSTON, MA US",2016-09-12,8.95,0.0,0.0,66.0,72,59
USW00014739,"BOSTON, MA US",2016-09-13,11.41,0.0,0.0,70.0,83,60
USW00014739,"BOSTON, MA US",2016-09-14,14.09,0.06,0.0,74.0,90,62
USW00014739,"BOSTON, MA US",2016-09-15,10.07,0.0,0.0,63.0,66,57
USW00014739,"BOSTON, MA US",2016-09-16,10.51,0.0,0.0,62.0,70,54
USW00014739,"BOSTON, MA US",2016-09-17,11.86,0.0,0.0,65.0,78,55
USW00014739,"BOSTON, MA US",2016-09-18,12.97,0.0,0.0,73.0,82,66
USW00014739,"BOSTON, MA US",2016-09-19,6.26,0.33,0.0,72.0,74,67
USW00014739,"BOSTON, MA US",2016-09-20,6.04,0.0,0.0,70.0,75,67
USW00014739,"BOSTON, MA US",2016-09-21,8.28,0.0,0.0,75.0,83,69
USW00014739,"BOSTON, MA US",2016-09-22,7.16,0.0,0.0,71.0,79,61
USW00014739,"BOSTON, MA US",2016-09-23,9.4,0.34,0.0,70.0,82,56
USW00014739,"BOSTON, MA US",2016-09-24,10.07,0.0,0.0,60.0,67,54
USW00014739,"BOSTON, MA US",2016-09-25,12.3,0.0,0.0,58.0,66,49
USW00014739,"BOSTON, MA US",2016-09-26,9.4,0.0,0.0,56.0,64,48
USW00014739,"BOSTON, MA US",2016-09-27,5.37,0.22,0.0,63.0,72,59
USW00014739,"BOSTON, MA US",2016-09-28,17.67,0.0,0.0,59.0,61,56
USW00014739,"BOSTON, MA US",2016-09-29,18.12,0.0,0.0,57.0,60,54
USW00014739,"BOSTON, MA US",2016-09-30,17.67,0.13,0.0,58.0,62,56
USW00014739,"BOSTON, MA US",2016-10-01,14.99,0.71,0.0,57.0,59,54
USW00014739,"BOSTON, MA US",2016-10-02,7.61,0.03,0.0,55.0,57,53
USW00014739,"BOSTON, MA US",2016-10-03,8.05,0.0,0.0,60.0,68,55
USW00014739,"BOSTON, MA US",2016-10-04,12.53,0.0,0.0,59.0,63,50
USW00014739,"BOSTON, MA US",2016-10-05,7.61,0.0,0.0,54.0,60,48
USW00014739,"BOSTON, MA US",2016-10-06,4.92,0.0,0.0,56.0,67,49
USW00014739,"BOSTON, MA US",2016-10-07,4.7,0.0,0.0,60.0,68,53
USW00014739,"BOSTON, MA US",2016-10-08,5.37,0.01,0.0,60.0,68,52
USW00014739,"BOSTON, MA US",2016-10-09,12.97,1.84,0.0,59.0,65,48
USW00014739,"BOSTON, MA US",2016-10-10,15.66,0.0,0.0,51.0,59,45
USW00014739,"BOSTON, MA US",2016-10-11,7.38,0.0,0.0,51.0,59,44
USW00014739,"BOSTON, MA US",2016-10-12,7.61,0.0,0.0,55.0,62,48
USW00014739,"BOSTON, MA US",2016-10-13,9.62,0.0,0.0,60.0,72,51
USW00014739,"BOSTON, MA US",2016-10-14,9.62,0.0,0.0,54.0,60,46
USW00014739,"BOSTON, MA US",2016-10-15,8.05,0.0,0.0,49.0,56,42
USW00014739,"BOSTON, MA US",2016-10-16,12.97,0.0,0.0,56.0,71,46
USW00014739,"BOSTON, MA US",2016-10-17,6.71,0.0,0.0,66.0,75,62
USW00014739,"BOSTON, MA US",2016-10-18,8.28,0.14,0.0,62.0,69,57
USW00014739,"BOSTON, MA US",2016-10-19,11.63,0.0,0.0,71.0,81,62
USW00014739,"BOSTON, MA US",2016-10-20,12.53,0.08,0.0,60.0,62,56
USW00014739,"BOSTON, MA US",2016-10-21,8.05,1.11,0.0,62.0,75,59
USW00014739,"BOSTON, MA US",2016-10-22,12.97,0.15,0.0,61.0,65,44
USW00014739,"BOSTON, MA US",2016-10-23,19.69,0.0,0.0,50.0,58,44
USW00014739,"BOSTON, MA US",2016-10-24,15.66,0.0,0.0,54.0,61,46
USW00014739,"BOSTON, MA US",2016-10-25,14.32,0.0,0.0,46.0,49,39
USW00014739,"BOSTON, MA US",2016-10-26,12.3,0.0,0.0,42.0,49,37
USW00014739,"BOSTON, MA US",2016-10-27,9.62,0.65,0.0,40.0,49,34
USW00014739,"BOSTON, MA US",2016-10-28,18.79,0.61,0.0,48.0,55,44
USW00014739,"BOSTON, MA US",2016-10-29,9.84,0.0,0.0,47.0,57,42
USW00014739,"BOSTON, MA US",2016-10-30,9.17,0.13,0.0,58.0,65,46
USW00014739,"BOSTON, MA US",2016-10-31,12.3,0.0,0.0,47.0,52,38
USW00014739,"BOSTON, MA US",2016-11-01,7.16,0.0,0.0,42.0,51,34
USW00014739,"BOSTON, MA US",2016-11-02,5.82,0.0,0.0,55.0,70,45
USW00014739,"BOSTON, MA US",2016-11-03,7.61,0.08,0.0,56.0,64,51
USW00014739,"BOSTON, MA US",2016-11-04,10.51,0.0,0.0,52.0,57,39
USW00014739,"BOSTON, MA US",2016-11-05,8.05,0.0,0.0,45.0,57,35
USW00014739,"BOSTON, MA US",2016-11-06,11.18,0.09,0.0,48.0,52,43
USW00014739,"BOSTON, MA US",2016-11-07,9.17,0.0,0.0,42.0,47,36
USW00014739,"BOSTON, MA US",2016-11-08,4.7,0.0,0.0,46.0,59,38
USW00014739,"BOSTON, MA US",2016-11-09,7.16,0.01,0.0,52.0,62,44
USW00014739,"BOSTON, MA US",2016-11-10,11.18,0.0,0.0,47.0,53,39
USW00014739,"BOSTON, MA US",2016-11-11,18.57,0.0,0.0,50.0,60,38
USW00014739,"BOSTON, MA US",2016-11-12,13.42,0.0,0.0,41.0,48,34
USW00014739,"BOSTON, MA US",2016-11-13,10.51,0.0,0.0,49.0,60,41
USW00014739,"BOSTON, MA US",2016-11-14,9.62,0.0,0.0,53.0,66,39
USW00014739,"BOSTON, MA US",2016-11-15,11.18,0.99,0.0,51.0,58,46
USW00014739,"BOSTON, MA US",2016-11-16,11.41,0.03,0.0,53.0,55,51
USW00014739,"BOSTON, MA US",2016-11-17,11.63,0.0,0.0,51.0,57,45
USW00014739,"BOSTON, MA US",2016-11-18,9.17,0.0,0.0,50.0,63,43
USW00014739,"BOSTON, MA US",2016-11-19,6.71,0.0,0.0,48.0,51,43
USW00014739,"BOSTON, MA US",2016-11-20,17.9,0.08,0.0,44.0,49,32
USW00014739,"BOSTON, MA US",2016-11-21,18.12,0.0,0.0,34.0,38,30
USW00014739,"BOSTON, MA US",2016-11-22,17.0,0.0,0.0,36.0,43,32
USW00014739,"BOSTON, MA US",2016-11-23,13.42,0.0,0.0,37.0,45,33
USW00014739,"BOSTON, MA US",2016-11-24,4.7,0.05,0.0,37.0,44,33
USW00014739,"BOSTON, MA US",2016-11-25,4.7,0.03,0.0,42.0,48,39
USW00014739,"BOSTON, MA US",2016-11-26,6.93,0.0,0.0,42.0,47,38
USW00014739,"BOSTON, MA US",2016-11-27,13.42,0.0,0.0,41.0,46,36
USW00014739,"BOSTON, MA US",2016-11-28,8.05,0.0,0.0,39.0,46,33
USW00014739,"BOSTON, MA US",2016-11-29,9.62,0.43,0.0,42.0,58,33
USW00014739,"BOSTON, MA US",2016-11-30,10.07,0.91,0.0,48.0,52,42
USW00014739,"BOSTON, MA US",2016-12-01,15.66,0.31,0.0,50.0,57,43
USW00014739,"BOSTON, MA US",2016-12-02,14.32,0.0,0.0,45.0,51,38
USW00014739,"BOSTON, MA US",2016-12-03,15.66,0.0,0.0,42.0,44,35
USW00014739,"BOSTON, MA US",2016-12-04,10.07,0.0,0.0,37.0,42,31
USW00014739,"BOSTON, MA US",2016-12-05,7.83,0.14,0.3,34.0,40,31
USW00014739,"BOSTON, MA US",2016-12-06,7.61,0.0,0.0,39.0,44,34
USW00014739,"BOSTON, MA US",2016-12-07,7.61,0.08,0.0,40.0,42,36
USW00014739,"BOSTON, MA US",2016-12-08,10.96,0.0,0.0,39.0,43,34
USW00014739,"BOSTON, MA US",2016-12-09,16.11,0.0,0.0,34.0,37,25
USW00014739,"BOSTON, MA US",2016-12-10,11.86,0.0,0.0,26.0,29,21
USW00014739,"BOSTON, MA US",2016-12-11,7.38,0.02,0.2,26.0,35,20
USW00014739,"BOSTON, MA US",2016-12-12,11.18,0.42,0.7,36.0,44,29
USW00014739,"BOSTON, MA US",2016-12-13,10.51,0.0,0.0,38.0,43,35
USW00014739,"BOSTON, MA US",2016-12-14,11.18,0.0,0.0,38.0,42,27
USW00014739,"BOSTON, MA US",2016-12-15,21.92,0.0,0.0,27.0,32,14
USW00014739,"BOSTON, MA US",2016-12-16,14.09,0.0,0.0,13.0,21,4
USW00014739,"BOSTON, MA US",2016-12-17,7.16,0.53,4.3,26.0,36,21
USW00014739,"BOSTON, MA US",2016-12-18,17.45,0.11,0.0,44.0,57,33
USW00014739,"BOSTON, MA US",2016-12-19,11.41,0.0,0.0,27.0,33,19
USW00014739,"BOSTON, MA US",2016-12-20,8.28,0.0,0.0,24.0,34,18
USW00014739,"BOSTON, MA US",2016-12-21,11.41,0.0,0.0,35.0,45,29
USW00014739,"BOSTON, MA US",2016-12-22,7.83,0.02,0.0,35.0,39,31
USW00014739,"BOSTON, MA US",2016-12-23,10.96,0.0,0.0,39.0,46,35
USW00014739,"BOSTON, MA US",2016-12-24,11.63,0.38,0.0,40.0,45,35
USW00014739,"BOSTON, MA US",2016-12-25,11.86,0.0,0.0,40.0,45,27
USW00014739,"BOSTON, MA US",2016-12-26,10.29,0.01,0.0,30.0,48,24
USW00014739,"BOSTON, MA US",2016-12-27,19.91,0.0,0.0,51.0,58,39
USW00014739,"BOSTON, MA US",2016-12-28,10.74,0.0,0.0,39.0,42,32
USW00014739,"BOSTON, MA US",2016-12-29,11.41,1.16,0.4,35.0,43,29
USW00014739,"BOSTON, MA US",2016-12-30,17.67,0.0,0.0,36.0,41,30
USW00014739,"BOSTON, MA US",2016-12-31,14.09,0.07,0.0,31.0,42,26
USW00014739,"BOSTON, MA US",2017-01-01,14.09,0.07,0.0,40.0,44,33
USW00014739,"BOSTON, MA US",2017-01-02,4.47,0.0,0.0,35.0,41,28
USW00014739,"BOSTON, MA US",2017-01-03,18.12,0.89,0.0,41.0,44,40
USW00014739,"BOSTON, MA US",2017-01-04,12.53,0.06,0.0,43.0,48,33
USW00014739,"BOSTON, MA US",2017-01-05,14.76,0.0,0.0,32.0,34,27
USW00014739,"BOSTON, MA US",2017-01-06,8.05,0.06,1.1,29.0,31,24
USW00014739,"BOSTON, MA US",2017-01-07,14.32,0.53,7.0,23.0,24,17
USW00014739,"BOSTON, MA US",2017-01-08,13.42,0.01,0.2,18.0,22,13
USW00014739,"BOSTON, MA US",2017-01-09,11.18,0.0,0.0,15.0,20,11
USW00014739,"BOSTON, MA US",2017-01-10,9.4,0.14,0.0,23.0,39,16
USW00014739,"BOSTON, MA US",2017-01-11,14.99,0.09,0.0,45.0,55,39
USW00014739,"BOSTON, MA US",2017-01-12,14.54,0.15,0.0,50.0,61,41
USW00014739,"BOSTON, MA US",2017-01-13,16.33,0.0,0.0,49.0,58,25
USW00014739,"BOSTON, MA US",2017-01-14,9.62,0.0,0.0,26.0,31,18
USW00014739,"BOSTON, MA US",2017-01-15,9.17,0.0,0.0,31.0,37,27
USW00014739,"BOSTON, MA US",2017-01-16,9.62,0.0,0.0,31.0,42,23
USW00014739,"BOSTON, MA US",2017-01-17,11.41,0.3,0.0,37.0,42,32
USW00014739,"BOSTON, MA US",2017-01-18,13.87,0.36,0.0,38.0,40,32
USW00014739,"BOSTON, MA US",2017-01-19,8.05,0.0,0.0,37.0,46,31
USW00014739,"BOSTON, MA US",2017-01-20,5.37,0.0,0.0,38.0,40,34
USW00014739,"BOSTON, MA US",2017-01-21,7.16,0.0,0.0,43.0,55,37
USW00014739,"BOSTON, MA US",2017-01-22,10.96,0.06,0.0,44.0,48,39
USW00014739,"BOSTON, MA US",2017-01-23,25.28,0.31,0.0,38.0,40,35
USW00014739,"BOSTON, MA US",2017-01-24,24.38,1.09,0.0,39.0,42,35
USW00014739,"BOSTON, MA US",2017-01-25,15.66,0.02,0.0,38.0,44,36
USW00014739,"BOSTON, MA US",2017-01-26,13.42,0.05,0.0,42.0,51,37
USW00014739,"BOSTON, MA US",2017-01-27,17.67,0.0,0.0,41.0,44,36
USW00014739,"BOSTON, MA US",2017-01-28,15.21,0.0,0.0,37.0,40,32
USW00014739,"BOSTON, MA US",2017-01-29,11.41,0.0,0.0,36.0,43,30
USW00014739,"BOSTON, MA US",2017-01-30,9.84,0.0,0.0,33.0,36,24
USW00014739,"BOSTON, MA US",2017-01-31,7.38,0.06,0.6,25.0,28,20
USW00014739,"BOSTON, MA US",2017-02-01,10.07,0.05,0.8,32.0,43,27
USW00014739,"BOSTON, MA US",2017-02-02,13.42,0.0,0.0,36.0,40,29
USW00014739,"BOSTON, MA US",2017-02-03,11.63,0.0,0.0,30.0,33,25
USW00014739,"BOSTON, MA US",2017-02-04,13.2,0.0,0.0,27.0,33,21
USW00014739,"BOSTON, MA US",2017-02-05,13.42,0.0,0.0,32.0,44,26
USW00014739,"BOSTON, MA US",2017-02-06,14.09,0.0,0.0,36.0,39,32
USW00014739,"BOSTON, MA US",2017-02-07,16.55,0.44,1.2,35.0,38,33
USW00014739,"BOSTON, MA US",2017-02-08,9.17,0.02,0.0,37.0,52,25
USW00014739,"BOSTON, MA US",2017-02-09,21.03,1.25,10.9,32.0,39,11
USW00014739,"BOSTON, MA US",2017-02-10,12.97,0.0,0.0,17.0,25,11
USW00014739,"BOSTON, MA US",2017-02-11,8.95,0.21,3.2,21.0,30,15
USW00014739,"BOSTON, MA US",2017-02-12,14.54,0.77,1.5,25.0,35,19
USW00014739,"BOSTON, MA US",2017-02-13,19.91,0.09,2.2,30.0,34,24
USW00014739,"BOSTON, MA US",2017-02-14,9.62,0.0,0.0,27.0,34,22
USW00014739,"BOSTON, MA US",2017-02-15,6.93,0.22,0.1,32.0,40,27
USW00014739,"BOSTON, MA US",2017-02-16,16.33,0.07,1.6,33.0,35,27
USW00014739,"BOSTON, MA US",2017-02-17,13.87,0.0,0.0,30.0,41,23
USW00014739,"BOSTON, MA US",2017-02-18,13.65,0.0,0.0,36.0,49,26
USW00014739,"BOSTON, MA US",2017-02-19,10.74,0.0,0.0,49.0,59,39
USW00014739,"BOSTON, MA US",2017-02-20,11.18,0.0,0.0,44.0,48,33
USW00014739,"BOSTON, MA US",2017-02-21,9.17,0.0,0.0,35.0,40,30
USW00014739,"BOSTON, MA US",2017-02-22,8.05,0.0,0.0,43.0,56,38
USW00014739,"BOSTON, MA US",2017-02-23,12.3,0.0,0.0,49.0,68,39
USW00014739,"BOSTON, MA US",2017-02-24,11.86,0.0,0.0,57.0,73,46
USW00014739,"BOSTON, MA US",2017-02-25,10.96,0.1,0.0,57.0,69,49
USW00014739,"BOSTON, MA US",2017-02-26,17.45,0.0,0.0,44.0,49,32
USW00014739,"BOSTON, MA US",2017-02-27,16.78,0.0,0.0,40.0,55,30
USW00014739,"BOSTON, MA US",2017-02-28,7.61,0.0,0.0,44.0,51,39
USW00014739,"BOSTON, MA US",2017-03-01,14.54,0.02,0.0,53.0,63,48
USW00014739,"BOSTON, MA US",2017-03-02,21.92,0.0,0.0,50.0,58,31
USW00014739,"BOSTON, MA US",2017-03-03,14.54,0.0,0.1,31.0,36,20
USW00014739,"BOSTON, MA US",2017-03-04,19.46,0.0,0.0,20.0,21,10
USW00014739,"BOSTON, MA US",2017-03-05,17.67,0.0,0.0,18.0,32,9
USW00014739,"BOSTON, MA US",2017-03-06,8.05,0.0,0.0,25.0,37,16
USW00014739,"BOSTON, MA US",2017-03-07,9.62,0.02,0.0,36.0,48,30
USW00014739,"BOSTON, MA US",2017-03-08,14.32,0.05,0.0,51.0,57,43
USW00014739,"BOSTON, MA US",2017-03-09,17.9,0.0,0.0,46.0,51,38
USW00014739,"BOSTON, MA US",2017-03-10,8.28,0.2,2.6,34.0,38,23
USW00014739,"BOSTON, MA US",2017-03-11,19.46,0.02,0.2,19.0,23,10
USW00014739,"BOSTON, MA US",2017-03-12,16.55,0.0,0.0,17.0,27,9
USW00014739,"BOSTON, MA US",2017-03-13,10.51,0.0,0.0,22.0,34,14
USW00014739,"BOSTON, MA US",2017-03-14,23.71,1.62,6.6,31.0,38,27
USW00014739,"BOSTON, MA US",2017-03-15,19.46,0.0,0.0,26.0,28,19
USW00014739,"BOSTON, MA US",2017-03-16,16.11,0.0,0.0,26.0,35,22
USW00014739,"BOSTON, MA US",2017-03-17,9.62,0.0,0.0,33.0,42,27
USW00014739,"BOSTON, MA US",2017-03-18,11.63,0.0,0.0,32.0,36,24
USW00014739,"BOSTON, MA US",2017-03-19,16.11,0.01,0.0,34.0,38,31
USW00014739,"BOSTON, MA US",2017-03-20,11.41,0.0,0.0,40.0,53,32
USW00014739,"BOSTON, MA US",2017-03-21,8.95,0.0,0.0,45.0,53,40
USW00014739,"BOSTON, MA US",2017-03-22,20.8,0.0,0.0,38.0,43,18
USW00014739,"BOSTON, MA US",2017-03-23,13.42,0.0,0.0,25.0,38,18
USW00014739,"BOSTON, MA US",2017-03-24,10.51,0.03,0.0,35.0,47,27
USW00014739,"BOSTON, MA US",2017-03-25,6.93,0.08,0.0,42.0,47,34
USW00014739,"BOSTON, MA US",2017-03-26,11.41,0.0,0.0,36.0,41,30
USW00014739,"BOSTON, MA US",2017-03-27,8.5,0.48,0.0,39.0,44,36
USW00014739,"BOSTON, MA US",2017-03-28,6.71,0.72,0.0,38.0,40,36
USW00014739,"BOSTON, MA US",2017-03-29,13.42,0.06,0.0,40.0,47,37
USW00014739,"BOSTON, MA US",2017-03-30,10.51,0.0,0.0,40.0,48,34
USW00014739,"BOSTON, MA US",2017-03-31,12.53,0.87,0.6,37.0,40,33
USW00014739,"BOSTON, MA US",2017-04-01,19.69,1.56,1.2,35.0,38,33
USW00014739,"BOSTON, MA US",2017-04-02,9.4,0.0,0.0,41.0,57,33
USW00014739,"BOSTON, MA US",2017-04-03,8.95,0.0,0.0,47.0,55,38
USW00014739,"BOSTON, MA US",2017-04-04,16.55,0.68,0.0,42.0,43,38
USW00014739,"BOSTON, MA US",2017-04-05,8.28,0.0,0.0,40.0,41,37
USW00014739,"BOSTON, MA US",2017-04-06,14.32,1.36,0.0,39.0,53,37
USW00014739,"BOSTON, MA US",2017-04-07,16.78,0.0,0.0,48.0,54,41
USW00014739,"BOSTON, MA US",2017-04-08,16.11,0.0,0.0,43.0,49,38
USW00014739,"BOSTON, MA US",2017-04-09,9.62,0.0,0.0,51.0,66,40
USW00014739,"BOSTON, MA US",2017-04-10,12.3,0.0,0.0,59.0,76,44
USW00014739,"BOSTON, MA US",2017-04-11,11.18,0.0,0.0,64.0,84,52
USW00014739,"BOSTON, MA US",2017-04-12,7.83,0.02,0.0,55.0,60,48
USW00014739,"BOSTON, MA US",2017-04-13,11.18,0.0,0.0,53.0,59,45
USW00014739,"BOSTON, MA US",2017-04-14,9.4,0.0,0.0,51.0,60,44
USW00014739,"BOSTON, MA US",2017-04-15,15.88,0.0,0.0,54.0,70,42
USW00014739,"BOSTON, MA US",2017-04-16,17.67,0.0,0.0,69.0,86,57
USW00014739,"BOSTON, MA US",2017-04-17,14.32,0.0,0.0,70.0,75,49
USW00014739,"BOSTON, MA US",2017-04-18,13.42,0.0,0.0,49.0,51,39
USW00014739,"BOSTON, MA US",2017-04-19,12.53,0.07,0.0,45.0,56,39
USW00014739,"BOSTON, MA US",2017-04-20,10.07,0.01,0.0,48.0,55,44
USW00014739,"BOSTON, MA US",2017-04-21,14.32,0.51,0.0,45.0,45,44
USW00014739,"BOSTON, MA US",2017-04-22,8.95,0.05,0.0,44.0,45,43
USW00014739,"BOSTON, MA US",2017-04-23,11.86,0.0,0.0,47.0,58,41
USW00014739,"BOSTON, MA US",2017-04-24,8.5,0.0,0.0,53.0,64,45
USW00014739,"BOSTON, MA US",2017-04-25,15.88,0.89,0.0,49.0,50,45
USW00014739,"BOSTON, MA US",2017-04-26,10.07,0.56,0.0,50.0,56,45
USW00014739,"BOSTON, MA US",2017-04-27,6.71,0.0,0.0,53.0,59,50
USW00014739,"BOSTON, MA US",2017-04-28,7.61,0.01,0.0,63.0,82,51
USW00014739,"BOSTON, MA US",2017-04-29,13.2,0.0,0.0,73.0,84,59
USW00014739,"BOSTON, MA US",2017-04-30,11.63,0.01,0.0,55.0,64,45
USW00014739,"BOSTON, MA US",2017-05-01,9.17,0.0,0.0,47.0,48,45
USW00014739,"BOSTON, MA US",2017-05-02,8.05,0.19,0.0,49.0,66,44
USW00014739,"BOSTON, MA US",2017-05-03,14.76,0.0,0.0,56.0,64,49
USW00014739,"BOSTON, MA US",2017-05-04,11.86,0.0,0.0,51.0,56,46
USW00014739,"BOSTON, MA US",2017-05-05,11.41,0.64,0.0,49.0,51,47
USW00014739,"BOSTON, MA US",2017-05-06,10.74,0.1,0.0,56.0,65,49
USW00014739,"BOSTON, MA US",2017-05-07,15.66,0.0,0.0,58.0,64,50
USW00014739,"BOSTON, MA US",2017-05-08,13.42,0.0,0.0,50.0,55,44
USW00014739,"BOSTON, MA US",2017-05-09,7.38,0.0,0.0,47.0,52,42
USW00014739,"BOSTON, MA US",2017-05-10,9.17,0.0,0.0,50.0,55,47
USW00014739,"BOSTON, MA US",2017-05-11,10.29,0.0,0.0,51.0,54,48
USW00014739,"BOSTON, MA US",2017-05-12,8.28,0.01,0.0,49.0,53,47
USW00014739,"BOSTON, MA US",2017-05-13,11.86,0.02,0.0,49.0,53,45
USW00014739,"BOSTON, MA US",2017-05-14,17.9,0.95,0.0,48.0,51,46
USW00014739,"BOSTON, MA US",2017-05-15,14.32,0.07,0.0,51.0,61,47
USW00014739,"BOSTON, MA US",2017-05-16,12.3,0.0,0.0,65.0,81,55
USW00014739,"BOSTON, MA US",2017-05-17,10.74,0.0,0.0,75.0,92,60
USW00014739,"BOSTON, MA US",2017-05-18,14.76,0.05,0.0,84.0,95,71
USW00014739,"BOSTON, MA US",2017-05-19,15.88,0.01,0.0,80.0,90,58
USW00014739,"BOSTON, MA US",2017-05-20,10.96,0.0,0.0,58.0,59,52
USW00014739,"BOSTON, MA US",2017-05-21,10.51,0.0,0.0,56.0,61,48
USW00014739,"BOSTON, MA US",2017-05-22,8.05,0.12,0.0,54.0,56,50
USW00014739,"BOSTON, MA US",2017-05-23,6.49,0.0,0.0,57.0,68,53
USW00014739,"BOSTON, MA US",2017-05-24,5.82,0.0,0.0,59.0,64,54
USW00014739,"BOSTON, MA US",2017-05-25,14.99,0.63,0.0,53.0,55,50
USW00014739,"BOSTON, MA US",2017-05-26,10.29,0.55,0.0,53.0,60,49
USW00014739,"BOSTON, MA US",2017-05-27,9.17,0.0,0.0,56.0,61,53
USW00014739,"BOSTON, MA US",2017-05-28,8.05,0.0,0.0,58.0,67,54
USW00014739,"BOSTON, MA US",2017-05-29,10.51,0.05,0.0,53.0,54,49
USW00014739,"BOSTON, MA US",2017-05-30,7.16,0.0,0.0,51.0,59,49
USW00014739,"BOSTON, MA US",2017-05-31,7.83,0.06,0.0,59.0,68,54
USW00014739,"BOSTON, MA US",2017-06-01,9.84,0.16,0.0,67.0,79,56
USW00014739,"BOSTON, MA US",2017-06-02,13.65,0.01,0.0,65.0,72,51
USW00014739,"BOSTON, MA US",2017-06-03,10.51,0.0,0.0,61.0,69,52
USW00014739,"BOSTON, MA US",2017-06-04,9.84,0.18,0.0,62.0,70,54
USW00014739,"BOSTON, MA US",2017-06-05,15.88,0.59,0.0,56.0,57,52
USW00014739,"BOSTON, MA US",2017-06-06,16.78,0.8,0.0,50.0,52,47
USW00014739,"BOSTON, MA US",2017-06-07,8.05,0.04,0.0,54.0,62,50
USW00014739,"BOSTON, MA US",2017-06-08,7.61,0.0,0.0,61.0,71,51
USW00014739,"BOSTON, MA US",2017-06-09,10.07,0.0,0.0,63.0,79,55
USW00014739,"BOSTON, MA US",2017-06-10,11.41,0.0,0.0,73.0,85,61
USW00014739,"BOSTON, MA US",2017-06-11,14.32,0.0,0.0,79.0,92,66
USW00014739,"BOSTON, MA US",2017-06-12,10.96,0.0,0.0,84.0,95,71
USW00014739,"BOSTON, MA US",2017-06-13,10.51,0.53,0.0,85.0,95,72
USW00014739,"BOSTON, MA US",2017-06-14,10.51,0.0,0.0,71.0,73,59
USW00014739,"BOSTON, MA US",2017-06-15,11.63,0.0,0.0,64.0,75,57
USW00014739,"BOSTON, MA US",2017-06-16,10.29,2.13,0.0,64.0,71,57
USW00014739,"BOSTON, MA US",2017-06-17,4.92,0.02,0.0,61.0,69,58
USW00014739,"BOSTON, MA US",2017-06-18,13.2,0.0,0.0,72.0,84,68
USW00014739,"BOSTON, MA US",2017-06-19,15.88,0.03,0.0,75.0,85,70
USW00014739,"BOSTON, MA US",2017-06-20,13.87,0.13,0.0,76.0,86,68
USW00014739,"BOSTON, MA US",2017-06-21,12.75,0.0,0.0,76.0,84,67
USW00014739,"BOSTON, MA US",2017-06-22,8.28,0.0,0.0,74.0,84,65
USW00014739,"BOSTON, MA US",2017-06-23,12.08,0.0,0.0,76.0,90,65
USW00014739,"BOSTON, MA US",2017-06-24,12.97,0.08,0.0,76.0,88,71
USW00014739,"BOSTON, MA US",2017-06-25,10.51,0.0,0.0,77.0,85,65
USW00014739,"BOSTON, MA US",2017-06-26,11.41,0.0,0.0,71.0,80,62
USW00014739,"BOSTON, MA US",2017-06-27,9.62,0.08,0.0,68.0,77,58
USW00014739,"BOSTON, MA US",2017-06-28,10.96,0.0,0.0,67.0,79,58
USW00014739,"BOSTON, MA US",2017-06-29,12.53,0.0,0.0,71.0,79,63
USW00014739,"BOSTON, MA US",2017-06-30,13.42,0.07,0.0,74.0,84,68
USW00014739,"BOSTON, MA US",2017-07-01,13.87,0.11,0.0,76.0,88,69
USW00014739,"BOSTON, MA US",2017-07-02,11.41,0.0,0.0,79.0,90,71
USW00014739,"BOSTON, MA US",2017-07-03,12.97,0.0,0.0,80.0,87,71
USW00014739,"BOSTON, MA US",2017-07-04,6.26,0.0,0.0,76.0,82,67
USW00014739,"BOSTON, MA US",2017-07-05,8.5,0.0,0.0,71.0,79,62
USW00014739,"BOSTON, MA US",2017-07-06,9.62,0.0,0.0,71.0,83,61
USW00014739,"BOSTON, MA US",2017-07-07,8.28,0.3,0.0,67.0,70,62
USW00014739,"BOSTON, MA US",2017-07-08,9.17,0.4,0.0,71.0,87,63
USW00014739,"BOSTON, MA US",2017-07-09,11.86,0.0,0.0,74.0,83,66
USW00014739,"BOSTON, MA US",2017-07-10,12.53,0.0,0.0,77.0,87,65
USW00014739,"BOSTON, MA US",2017-07-11,8.05,0.17,0.0,73.0,83,67
USW00014739,"BOSTON, MA US",2017-07-12,7.61,1.33,0.0,76.0,82,69
USW00014739,"BOSTON, MA US",2017-07-13,10.51,0.14,0.0,66.0,70,58
USW00014739,"BOSTON, MA US",2017-07-14,7.38,0.0,0.0,62.0,67,60
USW00014739,"BOSTON, MA US",2017-07-15,6.71,0.0,0.0,66.0,73,62
USW00014739,"BOSTON, MA US",2017-07-16,9.62,0.0,0.0,74.0,81,69
USW00014739,"BOSTON, MA US",2017-07-17,8.5,0.0,0.0,76.0,83,68
USW00014739,"BOSTON, MA US",2017-07-18,7.83,0.12,0.0,74.0,82,68
USW00014739,"BOSTON, MA US",2017-07-19,8.95,0.0,0.0,79.0,93,72
USW00014739,"BOSTON, MA US",2017-07-20,7.61,0.0,0.0,84.0,92,71
USW00014739,"BOSTON, MA US",2017-07-21,10.29,0.0,0.0,81.0,91,73
USW00014739,"BOSTON, MA US",2017-07-22,7.61,0.0,0.0,78.0,83,73
USW00014739,"BOSTON, MA US",2017-07-23,11.63,0.0,0.0,71.0,77,64
USW00014739,"BOSTON, MA US",2017-07-24,13.65,1.41,0.0,62.0,65,57
USW00014739,"BOSTON, MA US",2017-07-25,8.28,0.01,0.0,60.0,65,56
USW00014739,"BOSTON, MA US",2017-07-26,8.28,0.0,0.0,67.0,77,59
USW00014739,"BOSTON, MA US",2017-07-27,12.3,0.04,0.0,67.0,75,63
USW00014739,"BOSTON, MA US",2017-07-28,7.83,0.0,0.0,72.0,82,66
USW00014739,"BOSTON, MA US",2017-07-29,13.87,0.0,0.0,68.0,71,60
USW00014739,"BOSTON, MA US",2017-07-30,10.07,0.0,0.0,66.0,73,60
USW00014739,"BOSTON, MA US",2017-07-31,8.5,0.0,0.0,70.0,80,61
USW00014739,"BOSTON, MA US",2017-08-01,7.61,0.0,0.0,74.0,80,67
USW00014739,"BOSTON, MA US",2017-08-02,8.5,0.96,0.0,74.0,81,68
USW00014739,"BOSTON, MA US",2017-08-03,10.07,0.0,0.0,74.0,84,66
USW00014739,"BOSTON, MA US",2017-08-04,10.07,0.0,0.0,75.0,85,68
USW00014739,"BOSTON, MA US",2017-08-05,9.84,0.16,0.0,72.0,77,67
USW00014739,"BOSTON, MA US",2017-08-06,14.09,0.0,0.0,71.0,79,63
USW00014739,"BOSTON, MA US",2017-08-07,9.62,0.0,0.0,71.0,78,64
USW00014739,"BOSTON, MA US",2017-08-08,8.28,0.0,0.0,67.0,75,62
USW00014739,"BOSTON, MA US",2017-08-09,8.5,0.0,0.0,73.0,85,65
USW00014739,"BOSTON, MA US",2017-08-10,8.5,0.0,0.0,74.0,82,66
USW00014739,"BOSTON, MA US",2017-08-11,9.62,0.0,0.0,71.0,77,63
USW00014739,"BOSTON, MA US",2017-08-12,8.95,0.1,0.0,68.0,76,63
USW00014739,"BOSTON, MA US",2017-08-13,10.07,0.0,0.0,76.0,86,70
USW00014739,"BOSTON, MA US",2017-08-14,5.82,0.0,0.0,72.0,78,63
USW00014739,"BOSTON, MA US",2017-08-15,8.95,0.0,0.0,73.0,80,66
USW00014739,"BOSTON, MA US",2017-08-16,10.51,0.0,0.0,75.0,85,66
USW00014739,"BOSTON, MA US",2017-08-17,7.83,0.0,0.0,73.0,83,63
USW00014739,"BOSTON, MA US",2017-08-18,10.74,0.24,0.0,72.0,81,65
USW00014739,"BOSTON, MA US",2017-08-19,6.26,0.01,0.0,70.0,74,65
USW00014739,"BOSTON, MA US",2017-08-20,10.74,0.0,0.0,75.0,85,72
USW00014739,"BOSTON, MA US",2017-08-21,9.62,0.0,0.0,77.0,87,69
USW00014739,"BOSTON, MA US",2017-08-22,12.75,0.0,0.0,79.0,91,70
USW00014739,"BOSTON, MA US",2017-08-23,12.3,0.04,0.0,78.0,84,69
USW00014739,"BOSTON, MA US",2017-08-24,7.83,0.0,0.0,72.0,81,64
USW00014739,"BOSTON, MA US",2017-08-25,7.83,0.0,0.0,68.0,76,63
USW00014739,"BOSTON, MA US",2017-08-26,7.61,0.0,0.0,67.0,74,60
USW00014739,"BOSTON, MA US",2017-08-27,7.61,0.0,0.0,65.0,71,58
USW00014739,"BOSTON, MA US",2017-08-28,6.71,0.0,0.0,65.0,72,57
USW00014739,"BOSTON, MA US",2017-08-29,7.38,0.0,0.0,63.0,68,58
USW00014739,"BOSTON, MA US",2017-08-30,9.17,0.07,0.0,65.0,72,59
USW00014739,"BOSTON, MA US",2017-08-31,12.08,0.0,0.0,68.0,79,60
USW00014739,"BOSTON, MA US",2017-09-01,14.76,0.0,0.0,62.0,69,53
USW00014739,"BOSTON, MA US",2017-09-02,9.84,0.0,0.0,60.0,68,53
USW00014739,"BOSTON, MA US",2017-09-03,12.97,0.28,0.0,60.0,64,57
USW00014739,"BOSTON, MA US",2017-09-04,13.87,0.0,0.0,66.0,81,58
USW00014739,"BOSTON, MA US",2017-09-05,17.0,0.0,0.0,74.0,88,65
USW00014739,"BOSTON, MA US",2017-09-06,8.28,0.22,0.0,70.0,79,62
USW00014739,"BOSTON, MA US",2017-09-07,10.74,0.6,0.0,66.0,76,60
USW00014739,"BOSTON, MA US",2017-09-08,10.29,0.0,0.0,65.0,74,59
USW00014739,"BOSTON, MA US",2017-09-09,8.28,0.01,0.0,62.0,68,55
USW00014739,"BOSTON, MA US",2017-09-10,8.72,0.0,0.0,62.0,69,56
USW00014739,"BOSTON, MA US",2017-09-11,9.84,0.0,0.0,66.0,80,55
USW00014739,"BOSTON, MA US",2017-09-12,8.5,0.0,0.0,72.0,86,61
USW00014739,"BOSTON, MA US",2017-09-13,8.5,0.03,0.0,71.0,78,64
USW00014739,"BOSTON, MA US",2017-09-14,11.18,0.33,0.0,74.0,84,67
USW00014739,"BOSTON, MA US",2017-09-15,6.93,0.21,0.0,71.0,77,66
USW00014739,"BOSTON, MA US",2017-09-16,4.25,0.0,0.0,67.0,73,62
USW00014739,"BOSTON, MA US",2017-09-17,4.47,0.0,0.0,65.0,73,61
USW00014739,"BOSTON, MA US",2017-09-18,6.71,0.0,0.0,65.0,68,63
USW00014739,"BOSTON, MA US",2017-09-19,13.65,0.04,0.0,64.0,66,63
USW00014739,"BOSTON, MA US",2017-09-20,20.13,0.27,0.0,66.0,72,63
USW00014739,"BOSTON, MA US",2017-09-21,23.04,0.0,0.0,70.0,72,63
USW00014739,"BOSTON, MA US",2017-09-22,22.15,0.16,0.0,61.0,63,57
USW00014739,"BOSTON, MA US",2017-09-23,8.95,0.03,0.0,64.0,76,60
USW00014739,"BOSTON, MA US",2017-09-24,3.13,0.0,0.0,68.0,79,61
USW00014739,"BOSTON, MA US",2017-09-25,4.7,0.0,0.0,71.0,78,64
USW00014739,"BOSTON, MA US",2017-09-26,4.92,0.0,0.0,69.0,80,63
USW00014739,"BOSTON, MA US",2017-09-27,8.5,0.0,0.0,74.0,86,65
USW00014739,"BOSTON, MA US",2017-09-28,13.2,0.0,0.0,75.0,78,57
USW00014739,"BOSTON, MA US",2017-09-29,9.4,0.0,0.0,59.0,68,52
USW00014739,"BOSTON, MA US",2017-09-30,10.51,1.55,0.0,56.0,59,50
USW00014739,"BOSTON, MA US",2017-10-01,8.28,0.0,0.0,55.0,66,47
USW00014739,"BOSTON, MA US",2017-10-02,8.5,0.0,0.0,59.0,66,51
USW00014739,"BOSTON, MA US",2017-10-03,8.95,0.0,0.0,58.0,65,51
USW00014739,"BOSTON, MA US",2017-10-04,15.88,0.0,0.0,62.0,77,53
USW00014739,"BOSTON, MA US",2017-10-05,10.74,0.0,0.0,70.0,80,64
USW00014739,"BOSTON, MA US",2017-10-06,6.26,0.0,0.0,69.0,78,60
USW00014739,"BOSTON, MA US",2017-10-07,8.95,0.0,0.0,66.0,76,60
USW00014739,"BOSTON, MA US",2017-10-08,13.87,0.11,0.0,71.0,75,68
USW00014739,"BOSTON, MA US",2017-10-09,10.96,0.27,0.0,71.0,75,67
USW00014739,"BOSTON, MA US",2017-10-10,10.74,0.0,0.0,74.0,79,65
USW00014739,"BOSTON, MA US",2017-10-11,10.29,0.01,0.0,65.0,68,57
USW00014739,"BOSTON, MA US",2017-10-12,13.65,0.0,0.0,56.0,58,48
USW00014739,"BOSTON, MA US",2017-10-13,10.51,0.0,0.0,55.0,62,47
USW00014739,"BOSTON, MA US",2017-10-14,3.13,0.1,0.0,60.0,64,57
USW00014739,"BOSTON, MA US",2017-10-15,13.42,0.0,0.0,65.0,75,59
USW00014739,"BOSTON, MA US",2017-10-16,13.65,0.0,0.0,63.0,70,44
USW00014739,"BOSTON, MA US",2017-10-17,10.29,0.0,0.0,48.0,58,40
USW00014739,"BOSTON, MA US",2017-10-18,9.4,0.0,0.0,57.0,72,47
USW00014739,"BOSTON, MA US",2017-10-19,13.2,0.0,0.0,61.0,74,52
USW00014739,"BOSTON, MA US",2017-10-20,12.3,0.0,0.0,63.0,71,58
USW00014739,"BOSTON, MA US",2017-10-21,6.71,0.0,0.0,64.0,78,51
USW00014739,"BOSTON, MA US",2017-10-22,4.7,0.0,0.0,61.0,66,54
USW00014739,"BOSTON, MA US",2017-10-23,4.03,0.0,0.0,56.0,64,54
USW00014739,"BOSTON, MA US",2017-10-24,18.57,0.07,0.0,66.0,75,62
USW00014739,"BOSTON, MA US",2017-10-25,8.5,1.29,0.0,67.0,70,58
USW00014739,"BOSTON, MA US",2017-10-26,12.75,0.35,0.0,59.0,62,49
USW00014739,"BOSTON, MA US",2017-10-27,10.96,0.0,0.0,53.0,62,47
USW00014739,"BOSTON, MA US",2017-10-28,8.72,0.0,0.0,56.0,67,46
USW00014739,"BOSTON, MA US",2017-10-29,16.78,1.0,0.0,58.0,61,56
USW00014739,"BOSTON, MA US",2017-10-30,22.82,0.94,0.0,59.0,65,51
USW00014739,"BOSTON, MA US",2017-10-31,12.97,0.0,0.0,53.0,58,46
USW00014739,"BOSTON, MA US",2017-11-01,6.49,0.0,0.0,48.0,53,41
USW00014739,"BOSTON, MA US",2017-11-02,9.17,0.0,0.0,59.0,71,52
USW00014739,"BOSTON, MA US",2017-11-03,14.76,0.01,0.0,64.0,75,51
USW00014739,"BOSTON, MA US",2017-11-04,10.51,0.0,0.0,51.0,52,43
USW00014739,"BOSTON, MA US",2017-11-05,10.29,0.0,0.0,52.0,60,50
USW00014739,"BOSTON, MA US",2017-11-06,13.42,0.08,0.0,61.0,64,50
USW00014739,"BOSTON, MA US",2017-11-07,10.29,0.13,0.0,47.0,50,37
USW00014739,"BOSTON, MA US",2017-11-08,11.63,0.03,0.0,40.0,45,37
USW00014739,"BOSTON, MA US",2017-11-09,7.38,0.0,0.0,41.0,48,34
USW00014739,"BOSTON, MA US",2017-11-10,18.34,0.02,0.0,41.0,49,24
USW00014739,"BOSTON, MA US",2017-11-11,9.62,0.0,0.0,28.0,37,23
USW00014739,"BOSTON, MA US",2017-11-12,3.8,0.0,0.0,35.0,44,29
USW00014739,"BOSTON, MA US",2017-11-13,9.17,0.13,0.0,40.0,43,37
USW00014739,"BOSTON, MA US",2017-11-14,9.84,0.0,0.0,39.0,44,37
USW00014739,"BOSTON, MA US",2017-11-15,8.05,0.0,0.0,39.0,44,34
USW00014739,"BOSTON, MA US",2017-11-16,10.07,0.19,0.0,44.0,50,38
USW00014739,"BOSTON, MA US",2017-11-17,16.11,0.0,0.0,42.0,44,34
USW00014739,"BOSTON, MA US",2017-11-18,6.71,0.09,0.0,38.0,52,30
USW00014739,"BOSTON, MA US",2017-11-19,18.34,0.23,0.0,52.0,60,38
USW00014739,"BOSTON, MA US",2017-11-20,16.11,0.0,0.0,38.0,42,35
USW00014739,"BOSTON, MA US",2017-11-21,14.32,0.0,0.0,45.0,59,35
USW00014739,"BOSTON, MA US",2017-11-22,11.18,0.89,0.0,49.0,52,38
USW00014739,"BOSTON, MA US",2017-11-23,9.17,0.0,0.0,38.0,43,32
USW00014739,"BOSTON, MA US",2017-11-24,9.17,0.0,0.0,39.0,50,31
USW00014739,"BOSTON, MA US",2017-11-25,10.74,0.0,0.0,46.0,58,38
USW00014739,"BOSTON, MA US",2017-11-26,15.43,0.0,0.0,48.0,51,37
USW00014739,"BOSTON, MA US",2017-11-27,12.97,0.0,0.0,39.0,47,27
USW00014739,"BOSTON, MA US",2017-11-28,9.17,0.0,0.0,31.0,47,22
USW00014739,"BOSTON, MA US",2017-11-29,16.55,0.0,0.0,50.0,61,38
USW00014739,"BOSTON, MA US",2017-11-30,7.83,0.0,0.0,39.0,45,30
USW00014739,"BOSTON, MA US",2017-12-01,10.29,0.09,0.0,46.0,51,38
USW00014739,"BOSTON, MA US",2017-12-02,5.14,0.0,0.0,39.0,43,34
USW00014739,"BOSTON, MA US",2017-12-03,4.92,0.0,0.0,39.0,44,34
USW00014739,"BOSTON, MA US",2017-12-04,7.16,0.0,0.0,39.0,43,33
USW00014739,"BOSTON, MA US",2017-12-05,15.88,0.08,0.0,41.0,59,38
USW00014739,"BOSTON, MA US",2017-12-06,14.09,0.46,0.0,51.0,58,36
USW00014739,"BOSTON, MA US",2017-12-07,11.41,0.0,0.0,39.0,47,33
USW00014739,"BOSTON, MA US",2017-12-08,9.62,0.0,0.0,37.0,39,31
USW00014739,"BOSTON, MA US",2017-12-09,7.61,0.66,5.8,35.0,37,31
USW00014739,"BOSTON, MA US",2017-12-10,12.3,0.03,0.3,33.0,38,31
USW00014739,"BOSTON, MA US",2017-12-11,9.4,0.0,0.0,34.0,39,32
USW00014739,"BOSTON, MA US",2017-12-12,11.41,0.04,0.0,39.0,46,33
USW00014739,"BOSTON, MA US",2017-12-13,21.03,0.0,0.0,28.0,36,22
USW00014739,"BOSTON, MA US",2017-12-14,14.76,0.0,0.0,24.0,30,19
USW00014739,"BOSTON, MA US",2017-12-15,7.38,0.0,0.0,22.0,27,17
USW00014739,"BOSTON, MA US",2017-12-16,13.65,0.0,0.0,27.0,34,22
USW00014739,"BOSTON, MA US",2017-12-17,9.62,0.0,0.0,25.0,31,20
USW00014739,"BOSTON, MA US",2017-12-18,3.58,0.0,0.0,27.0,38,22
USW00014739,"BOSTON, MA US",2017-12-19,11.41,0.0,0.0,40.0,51,34
USW00014739,"BOSTON, MA US",2017-12-20,15.66,0.0,0.0,43.0,47,31
USW00014739,"BOSTON, MA US",2017-12-21,10.07,0.0,0.0,31.0,33,26
USW00014739,"BOSTON, MA US",2017-12-22,8.95,0.1,0.1,27.0,38,23
USW00014739,"BOSTON, MA US",2017-12-23,7.83,0.58,0.0,30.0,43,25
USW00014739,"BOSTON, MA US",2017-12-24,11.18,0.0,0.0,36.0,39,32
USW00014739,"BOSTON, MA US",2017-12-25,19.01,0.44,2.9,33.0,38,23
USW00014739,"BOSTON, MA US",2017-12-26,15.21,0.0,0.0,26.0,27,19
USW00014739,"BOSTON, MA US",2017-12-27,13.42,0.0,0.0,18.0,20,12
USW00014739,"BOSTON, MA US",2017-12-28,17.22,0.0,0.0,10.0,12,5
USW00014739,"BOSTON, MA US",2017-12-29,11.63,0.0,0.0,6.0,14,2
USW00014739,"BOSTON, MA US",2017-12-30,8.5,0.01,0.1,11.0,18,6
USW00014739,"BOSTON, MA US",2017-12-31,15.43,0.0,0.0,12.0,13,4
USW00014739,"BOSTON, MA US",2018-01-01,16.33,0.0,0.0,6.0,13,0
USW00014739,"BOSTON, MA US",2018-01-02,12.75,0.0,0.0,10.0,19,4
USW00014739,"BOSTON, MA US",2018-01-03,9.4,0.0,0.0,21.0,29,16
USW00014739,"BOSTON, MA US",2018-01-04,22.59,1.35,13.4,26.0,30,22
USW00014739,"BOSTON, MA US",2018-01-05,24.83,0.0,0.0,18.0,24,6
USW00014739,"BOSTON, MA US",2018-01-06,21.92,0.0,0.0,8.0,12,1
USW00014739,"BOSTON, MA US",2018-01-07,16.11,0.0,0.0,5.0,17,-2
USW00014739,"BOSTON, MA US",2018-01-08,16.78,0.0,0.0,24.0,35,17
USW00014739,"BOSTON, MA US",2018-01-09,13.87,0.0,0.0,35.0,43,31
USW00014739,"BOSTON, MA US",2018-01-10,7.38,0.0,0.0,31.0,36,25
USW00014739,"BOSTON, MA US",2018-01-11,11.18,0.0,0.0,39.0,51,33
USW00014739,"BOSTON, MA US",2018-01-12,14.76,0.62,0.0,50.0,60,39
USW00014739,"BOSTON, MA US",2018-01-13,20.13,1.24,0.0,50.0,61,19
USW00014739,"BOSTON, MA US",2018-01-14,11.63,0.0,0.0,19.0,23,14
USW00014739,"BOSTON, MA US",2018-01-15,13.65,0.0,0.3,16.0,21,12
USW00014739,"BOSTON, MA US",2018-01-16,5.14,0.0,0.0,24.0,33,20
USW00014739,"BOSTON, MA US",2018-01-17,6.49,0.21,1.7,32.0,34,31
USW00014739,"BOSTON, MA US",2018-01-18,11.18,0.0,0.0,28.0,32,21
USW00014739,"BOSTON, MA US",2018-01-19,9.62,0.0,0.0,28.0,34,23
USW00014739,"BOSTON, MA US",2018-01-20,14.32,0.0,0.0,37.0,47,29
USW00014739,"BOSTON, MA US",2018-01-21,6.04,0.0,0.0,42.0,49,34
USW00014739,"BOSTON, MA US",2018-01-22,4.92,0.06,0.0,36.0,39,34
USW00014739,"BOSTON, MA US",2018-01-23,9.17,1.26,0.0,38.0,55,32
USW00014739,"BOSTON, MA US",2018-01-24,14.54,0.0,0.0,38.0,42,24
USW00014739,"BOSTON, MA US",2018-01-25,16.11,0.0,0.0,26.0,30,21
USW00014739,"BOSTON, MA US",2018-01-26,11.41,0.0,0.0,25.0,34,19
USW00014739,"BOSTON, MA US",2018-01-27,16.33,0.0,0.0,36.0,53,25
USW00014739,"BOSTON, MA US",2018-01-28,10.29,0.03,0.0,49.0,52,43
USW00014739,"BOSTON, MA US",2018-01-29,15.88,0.0,0.1,38.0,43,28
USW00014739,"BOSTON, MA US",2018-01-30,15.21,0.15,2.3,27.0,31,20
USW00014739,"BOSTON, MA US",2018-01-31,13.2,0.0,0.0,24.0,30,18
USW00014739,"BOSTON, MA US",2018-02-01,13.42,0.04,0.0,35.0,46,30
USW00014739,"BOSTON, MA US",2018-02-02,17.45,0.25,0.1,32.0,38,12
USW00014739,"BOSTON, MA US",2018-02-03,12.97,0.0,0.0,17.0,28,10
USW00014739,"BOSTON, MA US",2018-02-04,10.74,0.29,0.0,32.0,43,26
USW00014739,"BOSTON, MA US",2018-02-05,13.42,0.36,0.0,40.0,43,24
USW00014739,"BOSTON, MA US",2018-02-06,8.28,0.0,0.0,27.0,34,22
USW00014739,"BOSTON, MA US",2018-02-07,7.38,0.65,2.1,30.0,43,23
USW00014739,"BOSTON, MA US",2018-02-08,13.42,0.0,0.0,30.0,34,22
USW00014739,"BOSTON, MA US",2018-02-09,11.41,0.0,0.0,27.0,32,22
USW00014739,"BOSTON, MA US",2018-02-10,8.5,0.16,0.0,39.0,52,30
USW00014739,"BOSTON, MA US",2018-02-11,7.16,0.69,0.0,43.0,49,38
USW00014739,"BOSTON, MA US",2018-02-12,10.51,0.0,0.0,41.0,48,33
USW00014739,"BOSTON, MA US",2018-02-13,10.07,0.0,0.0,30.0,33,25
USW00014739,"BOSTON, MA US",2018-02-14,11.18,0.0,0.0,35.0,47,28
USW00014739,"BOSTON, MA US",2018-02-15,8.5,0.0,0.0,42.0,49,35
USW00014739,"BOSTON, MA US",2018-02-16,10.96,0.02,0.0,49.0,54,34
USW00014739,"BOSTON, MA US",2018-02-17,11.63,0.17,1.9,33.0,35,27
USW00014739,"BOSTON, MA US",2018-02-18,10.29,0.35,3.7,36.0,44,32
USW00014739,"BOSTON, MA US",2018-02-19,12.53,0.06,0.0,38.0,50,26
USW00014739,"BOSTON, MA US",2018-02-20,10.74,0.01,0.0,55.0,70,42
USW00014739,"BOSTON, MA US",2018-02-21,14.32,0.0,0.0,56.0,72,41
USW00014739,"BOSTON, MA US",2018-02-22,9.62,0.08,0.5,46.0,55,32
USW00014739,"BOSTON, MA US",2018-02-23,9.17,0.12,0.0,35.0,40,31
USW00014739,"BOSTON, MA US",2018-02-24,10.29,0.0,0.0,45.0,55,37
USW00014739,"BOSTON, MA US",2018-02-25,14.32,0.51,0.0,40.0,41,37
USW00014739,"BOSTON, MA US",2018-02-26,10.51,0.0,0.0,43.0,51,38
USW00014739,"BOSTON, MA US",2018-02-27,9.4,0.0,0.0,44.0,53,36
USW00014739,"BOSTON, MA US",2018-02-28,12.08,0.01,0.0,47.0,60,39
USW00014739,"BOSTON, MA US",2018-03-01,9.84,0.0,0.0,47.0,60,40
USW00014739,"BOSTON, MA US",2018-03-02,38.03,2.3,0.0,40.0,43,35
USW00014739,"BOSTON, MA US",2018-03-03,25.5,0.0,0.0,40.0,43,37
USW00014739,"BOSTON, MA US",2018-03-04,14.99,0.0,0.0,39.0,41,36
USW00014739,"BOSTON, MA US",2018-03-05,17.67,0.05,0.6,37.0,44,32
USW00014739,"BOSTON, MA US",2018-03-06,8.72,0.0,0.0,35.0,37,33
USW00014739,"BOSTON, MA US",2018-03-07,22.82,0.55,2.5,36.0,39,33
USW00014739,"BOSTON, MA US",2018-03-08,15.66,0.71,3.9,34.0,38,31
USW00014739,"BOSTON, MA US",2018-03-09,12.75,0.0,0.0,34.0,37,29
USW00014739,"BOSTON, MA US",2018-03-10,17.9,0.0,0.0,36.0,40,33
USW00014739,"BOSTON, MA US",2018-03-11,12.3,0.0,0.0,37.0,44,31
USW00014739,"BOSTON, MA US",2018-03-12,13.87,0.0,0.0,37.0,42,29
USW00014739,"BOSTON, MA US",2018-03-13,25.05,1.15,14.5,33.0,38,28
USW00014739,"BOSTON, MA US",2018-03-14,18.12,0.03,0.3,33.0,41,29
USW00014739,"BOSTON, MA US",2018-03-15,17.67,0.01,0.1,36.0,43,32
USW00014739,"BOSTON, MA US",2018-03-16,17.67,0.0,0.0,35.0,38,28
USW00014739,"BOSTON, MA US",2018-03-17,18.34,0.0,0.0,31.0,42,19
USW00014739,"BOSTON, MA US",2018-03-18,14.09,0.0,0.0,23.0,33,16
USW00014739,"BOSTON, MA US",2018-03-19,14.32,0.0,0.0,28.0,38,21
USW00014739,"BOSTON, MA US",2018-03-20,8.72,0.0,0.0,31.0,39,24
USW00014739,"BOSTON, MA US",2018-03-21,19.69,0.0,0.0,34.0,39,32
USW00014739,"BOSTON, MA US",2018-03-22,13.42,0.09,1.3,36.0,42,32
USW00014739,"BOSTON, MA US",2018-03-23,9.62,0.0,0.0,38.0,42,35
USW00014739,"BOSTON, MA US",2018-03-24,8.95,0.01,0.0,40.0,46,34
USW00014739,"BOSTON, MA US",2018-03-25,14.32,0.07,0.1,36.0,39,32
USW00014739,"BOSTON, MA US",2018-03-26,11.86,0.0,0.0,35.0,40,29
USW00014739,"BOSTON, MA US",2018-03-27,8.5,0.0,0.0,35.0,42,28
USW00014739,"BOSTON, MA US",2018-03-28,5.82,0.01,0.0,41.0,54,36
USW00014739,"BOSTON, MA US",2018-03-29,5.37,0.01,0.0,43.0,50,37
USW00014739,"BOSTON, MA US",2018-03-30,11.86,0.08,0.0,52.0,64,43
USW00014739,"BOSTON, MA US",2018-03-31,14.32,0.0,0.0,47.0,57,39
USW00014739,"BOSTON, MA US",2018-04-01,17.9,0.0,0.0,48.0,59,37
USW00014739,"BOSTON, MA US",2018-04-02,5.82,0.11,0.7,37.0,40,31
USW00014739,"BOSTON, MA US",2018-04-03,10.07,0.47,0.0,38.0,48,32
USW00014739,"BOSTON, MA US",2018-04-04,12.97,0.2,0.0,44.0,58,39
USW00014739,"BOSTON, MA US",2018-04-05,21.7,0.0,0.0,38.0,43,30
USW00014739,"BOSTON, MA US",2018-04-06,10.96,0.21,0.6,34.0,43,29
USW00014739,"BOSTON, MA US",2018-04-07,12.08,0.01,0.0,41.0,47,35
USW00014739,"BOSTON, MA US",2018-04-08,13.42,0.0,0.0,37.0,42,32
USW00014739,"BOSTON, MA US",2018-04-09,11.63,0.0,0.0,37.0,46,30
USW00014739,"BOSTON, MA US",2018-04-10,3.58,0.0,0.0,38.0,41,35
USW00014739,"BOSTON, MA US",2018-04-11,10.96,0.0,0.0,37.0,45,30
USW00014739,"BOSTON, MA US",2018-04-12,11.63,0.06,0.0,43.0,55,36
USW00014739,"BOSTON, MA US",2018-04-13,9.4,0.0,0.0,55.0,69,44
USW00014739,"BOSTON, MA US",2018-04-14,13.2,0.0,0.0,47.0,52,38
USW00014739,"BOSTON, MA US",2018-04-15,22.37,0.04,0.0,36.0,39,33
USW00014739,"BOSTON, MA US",2018-04-16,19.69,1.57,0.0,40.0,53,36
USW00014739,"BOSTON, MA US",2018-04-17,15.43,0.0,0.0,47.0,50,40
USW00014739,"BOSTON, MA US",2018-04-18,14.54,0.0,0.0,44.0,53,36
USW00014739,"BOSTON, MA US",2018-04-19,8.28,0.23,0.0,42.0,44,36
USW00014739,"BOSTON, MA US",2018-04-20,16.11,0.0,0.0,44.0,53,36
USW00014739,"BOSTON, MA US",2018-04-21,11.41,0.0,0.0,47.0,59,39
USW00014739,"BOSTON, MA US",2018-04-22,8.95,0.0,0.0,51.0,62,42
USW00014739,"BOSTON, MA US",2018-04-23,10.51,0.0,0.0,50.0,58,43
USW00014739,"BOSTON, MA US",2018-04-24,12.3,0.0,0.0,54.0,69,42
USW00014739,"BOSTON, MA US",2018-04-25,9.17,0.72,0.0,50.0,56,47
USW00014739,"BOSTON, MA US",2018-04-26,11.63,0.21,0.0,57.0,68,50
USW00014739,"BOSTON, MA US",2018-04-27,7.61,0.54,0.0,52.0,57,46
USW00014739,"BOSTON, MA US",2018-04-28,7.83,0.0,0.0,53.0,70,46
USW00014739,"BOSTON, MA US",2018-04-29,10.29,0.05,0.0,55.0,60,43
USW00014739,"BOSTON, MA US",2018-04-30,6.71,0.2,0.0,45.0,48,40
USW00014739,"BOSTON, MA US",2018-05-01,8.05,0.0,0.0,51.0,67,44
USW00014739,"BOSTON, MA US",2018-05-02,13.65,0.0,0.0,71.0,89,58
USW00014739,"BOSTON, MA US",2018-05-03,9.62,0.09,0.0,74.0,90,61
USW00014739,"BOSTON, MA US",2018-05-04,12.08,0.0,0.0,69.0,82,57
USW00014739,"BOSTON, MA US",2018-05-05,14.54,0.0,0.0,69.0,75,58
USW00014739,"BOSTON, MA US",2018-05-06,7.38,0.19,0.0,62.0,67,50
USW00014739,"BOSTON, MA US",2018-05-07,8.95,0.0,0.0,53.0,61,48
USW00014739,"BOSTON, MA US",2018-05-08,8.05,0.0,0.0,50.0,60,45
USW00014739,"BOSTON, MA US",2018-05-09,8.95,0.0,0.0,55.0,63,46
USW00014739,"BOSTON, MA US",2018-05-10,9.84,0.0,0.0,52.0,71,49
USW00014739,"BOSTON, MA US",2018-05-11,9.62,0.0,0.0,63.0,70,52
USW00014739,"BOSTON, MA US",2018-05-12,7.61,0.21,0.0,51.0,53,49
USW00014739,"BOSTON, MA US",2018-05-13,8.72,0.0,0.0,50.0,54,48
USW00014739,"BOSTON, MA US",2018-05-14,8.72,0.0,0.0,56.0,69,49
USW00014739,"BOSTON, MA US",2018-05-15,10.51,1.0,0.0,66.0,85,58
USW00014739,"BOSTON, MA US",2018-05-16,9.4,0.0,0.0,56.0,62,50
USW00014739,"BOSTON, MA US",2018-05-17,5.14,0.0,0.0,58.0,71,51
USW00014739,"BOSTON, MA US",2018-05-18,14.32,0.0,0.0,58.0,65,47
USW00014739,"BOSTON, MA US",2018-05-19,8.05,0.2,0.0,50.0,55,46
USW00014739,"BOSTON, MA US",2018-05-20,11.63,0.08,0.0,65.0,81,54
USW00014739,"BOSTON, MA US",2018-05-21,8.5,0.0,0.0,67.0,80,57
USW00014739,"BOSTON, MA US",2018-05-22,6.71,0.03,0.0,62.0,67,54
USW00014739,"BOSTON, MA US",2018-05-23,9.62,0.02,0.0,63.0,84,54
USW00014739,"BOSTON, MA US",2018-05-24,11.86,0.0,0.0,61.0,68,53
USW00014739,"BOSTON, MA US",2018-05-25,14.99,0.0,0.0,70.0,88,54
USW00014739,"BOSTON, MA US",2018-05-26,11.63,0.0,0.0,78.0,89,61
USW00014739,"BOSTON, MA US",2018-05-27,16.11,0.02,0.0,57.0,61,50
USW00014739,"BOSTON, MA US",2018-05-28,7.83,0.06,0.0,52.0,59,50
USW00014739,"BOSTON, MA US",2018-05-29,9.4,0.0,0.0,67.0,85,58
USW00014739,"BOSTON, MA US",2018-05-30,8.5,0.0,0.0,65.0,69,60
USW00014739,"BOSTON, MA US",2018-05-31,10.07,0.0,0.0,66.0,83,56
USW00014739,"BOSTON, MA US",2018-06-01,8.05,0.01,0.0,70.0,79,64
USW00014739,"BOSTON, MA US",2018-06-02,8.5,0.01,0.0,73.0,81,57
USW00014739,"BOSTON, MA US",2018-06-03,13.2,0.0,0.0,58.0,60,50
USW00014739,"BOSTON, MA US",2018-06-04,14.54,0.62,0.0,52.0,53,49
USW00014739,"BOSTON, MA US",2018-06-05,7.38,0.34,0.0,53.0,61,49
USW00014739,"BOSTON, MA US",2018-06-06,9.4,0.0,0.0,56.0,62,53
USW00014739,"BOSTON, MA US",2018-06-07,11.41,0.0,0.0,61.0,72,54
USW00014739,"BOSTON, MA US",2018-06-08,6.71,0.0,0.0,65.0,81,55
USW00014739,"BOSTON, MA US",2018-06-09,7.83,0.0,0.0,72.0,80,62
USW00014739,"BOSTON, MA US",2018-06-10,10.07,0.0,0.0,68.0,72,60
USW00014739,"BOSTON, MA US",2018-06-11,10.51,0.0,0.0,62.0,64,56
USW00014739,"BOSTON, MA US",2018-06-12,17.9,0.0,0.0,65.0,80,54
USW00014739,"BOSTON, MA US",2018-06-13,15.88,0.0,0.0,67.0,77,59
USW00014739,"BOSTON, MA US",2018-06-14,14.76,0.0,0.0,73.0,79,57
USW00014739,"BOSTON, MA US",2018-06-15,8.05,0.0,0.0,59.0,64,54
USW00014739,"BOSTON, MA US",2018-06-16,7.61,0.0,0.0,70.0,85,56
USW00014739,"BOSTON, MA US",2018-06-17,7.61,0.0,0.0,69.0,81,62
USW00014739,"BOSTON, MA US",2018-06-18,16.33,0.13,0.0,75.0,89,66
USW00014739,"BOSTON, MA US",2018-06-19,12.75,0.01,0.0,77.0,84,68
USW00014739,"BOSTON, MA US",2018-06-20,8.05,0.0,0.0,73.0,85,63
USW00014739,"BOSTON, MA US",2018-06-21,7.61,0.0,0.0,73.0,80,64
USW00014739,"BOSTON, MA US",2018-06-22,10.29,0.0,0.0,66.0,70,60
USW00014739,"BOSTON, MA US",2018-06-23,9.4,0.0,0.0,63.0,65,60
USW00014739,"BOSTON, MA US",2018-06-24,5.82,0.26,0.0,65.0,77,59
USW00014739,"BOSTON, MA US",2018-06-25,9.17,0.33,0.0,68.0,74,61
USW00014739,"BOSTON, MA US",2018-06-26,12.3,0.0,0.0,67.0,79,60
USW00014739,"BOSTON, MA US",2018-06-27,12.75,0.09,0.0,71.0,80,63
USW00014739,"BOSTON, MA US",2018-06-28,8.28,1.16,0.0,71.0,76,65
USW00014739,"BOSTON, MA US",2018-06-29,7.83,0.0,0.0,78.0,90,72
USW00014739,"BOSTON, MA US",2018-06-30,7.61,0.0,0.0,81.0,92,75
USW00014739,"BOSTON, MA US",2018-07-01,8.05,0.0,0.0,82.0,92,70
USW00014739,"BOSTON, MA US",2018-07-02,8.5,0.0,0.0,73.0,84,69
USW00014739,"BOSTON, MA US",2018-07-03,9.4,0.01,0.0,84.0,98,73
USW00014739,"BOSTON, MA US",2018-07-04,6.26,0.0,0.0,84.0,87,73
USW00014739,"BOSTON, MA US",2018-07-05,11.63,0.0,0.0,84.0,94,74
USW00014739,"BOSTON, MA US",2018-07-06,16.55,0.35,0.0,81.0,86,65
USW00014739,"BOSTON, MA US",2018-07-07,9.84,0.0,0.0,70.0,75,61
USW00014739,"BOSTON, MA US",2018-07-08,9.17,0.0,0.0,71.0,81,61
USW00014739,"BOSTON, MA US",2018-07-09,11.41,0.0,0.0,77.0,91,65
USW00014739,"BOSTON, MA US",2018-07-10,9.62,0.0,0.0,81.0,96,68
USW00014739,"BOSTON, MA US",2018-07-11,10.96,0.19,0.0,74.0,75,66
USW00014739,"BOSTON, MA US",2018-07-12,9.4,0.0,0.0,70.0,74,65
USW00014739,"BOSTON, MA US",2018-07-13,11.63,0.0,0.0,70.0,78,64
USW00014739,"BOSTON, MA US",2018-07-14,8.72,0.31,0.0,69.0,76,63
USW00014739,"BOSTON, MA US",2018-07-15,6.49,0.01,0.0,72.0,79,67
USW00014739,"BOSTON, MA US",2018-07-16,6.71,0.0,0.0,70.0,77,67
USW00014739,"BOSTON, MA US",2018-07-17,11.41,2.68,0.0,77.0,91,69
USW00014739,"BOSTON, MA US",2018-07-18,10.29,0.06,0.0,76.0,83,69
USW00014739,"BOSTON, MA US",2018-07-19,9.62,0.0,0.0,72.0,77,65
USW00014739,"BOSTON, MA US",2018-07-20,9.62,0.0,0.0,72.0,79,66
USW00014739,"BOSTON, MA US",2018-07-21,8.72,0.0,0.0,69.0,74,63
USW00014739,"BOSTON, MA US",2018-07-22,10.74,0.17,0.0,71.0,78,67
USW00014739,"BOSTON, MA US",2018-07-23,12.53,0.03,0.0,78.0,86,75
USW00014739,"BOSTON, MA US",2018-07-24,10.51,0.0,0.0,80.0,88,73
USW00014739,"BOSTON, MA US",2018-07-25,12.97,0.14,0.0,79.0,87,75
USW00014739,"BOSTON, MA US",2018-07-26,12.08,0.6,0.0,78.0,86,73
USW00014739,"BOSTON, MA US",2018-07-27,8.5,0.0,0.0,79.0,90,71
USW00014739,"BOSTON, MA US",2018-07-28,9.4,0.0,0.0,79.0,87,72
USW00014739,"BOSTON, MA US",2018-07-29,8.72,0.0,0.0,79.0,84,74
USW00014739,"BOSTON, MA US",2018-07-30,8.5,0.0,0.0,76.0,82,70
USW00014739,"BOSTON, MA US",2018-07-31,8.05,0.0,0.0,75.0,82,69
USW00014739,"BOSTON, MA US",2018-08-01,9.84,0.0,0.0,75.0,84,68
USW00014739,"BOSTON, MA US",2018-08-02,13.2,0.0,0.0,84.0,95,76
USW00014739,"BOSTON, MA US",2018-08-03,10.51,0.06,0.0,83.0,91,77
USW00014739,"BOSTON, MA US",2018-08-04,9.17,0.64,0.0,78.0,85,73
USW00014739,"BOSTON, MA US",2018-08-05,6.26,0.0,0.0,78.0,87,70
USW00014739,"BOSTON, MA US",2018-08-06,8.05,0.0,0.0,84.0,96,73
USW00014739,"BOSTON, MA US",2018-08-07,11.63,0.0,0.0,86.0,95,77
USW00014739,"BOSTON, MA US",2018-08-08,6.93,0.98,0.0,80.0,85,74
USW00014739,"BOSTON, MA US",2018-08-09,9.17,0.06,0.0,80.0,90,74
USW00014739,"BOSTON, MA US",2018-08-10,7.16,0.0,0.0,79.0,88,72
USW00014739,"BOSTON, MA US",2018-08-11,7.16,0.39,0.0,71.0,73,67
USW00014739,"BOSTON, MA US",2018-08-12,8.5,1.38,0.0,70.0,75,67
USW00014739,"BOSTON, MA US",2018-08-13,9.62,0.29,0.0,70.0,74,68
USW00014739,"BOSTON, MA US",2018-08-14,6.04,0.01,0.0,72.0,80,69
USW00014739,"BOSTON, MA US",2018-08-15,6.49,0.0,0.0,77.0,88,70
USW00014739,"BOSTON, MA US",2018-08-16,9.17,0.0,0.0,84.0,91,75
USW00014739,"BOSTON, MA US",2018-08-17,8.05,0.2,0.0,75.0,80,70
USW00014739,"BOSTON, MA US",2018-08-18,11.63,0.13,0.0,78.0,88,67
USW00014739,"BOSTON, MA US",2018-08-19,15.21,0.01,0.0,70.0,73,67
USW00014739,"BOSTON, MA US",2018-08-20,11.18,0.0,0.0,70.0,74,67
USW00014739,"BOSTON, MA US",2018-08-21,8.72,0.0,0.0,68.0,72,65
USW00014739,"BOSTON, MA US",2018-08-22,8.95,0.5,0.0,72.0,84,66
USW00014739,"BOSTON, MA US",2018-08-23,10.51,0.0,0.0,73.0,80,66
USW00014739,"BOSTON, MA US",2018-08-24,7.83,0.0,0.0,73.0,85,62
USW00014739,"BOSTON, MA US",2018-08-25,8.95,0.0,0.0,74.0,82,66
USW00014739,"BOSTON, MA US",2018-08-26,9.84,0.0,0.0,73.0,84,62
USW00014739,"BOSTON, MA US",2018-08-27,9.17,0.0,0.0,80.0,90,73
USW00014739,"BOSTON, MA US",2018-08-28,10.96,0.0,0.0,85.0,97,75
USW00014739,"BOSTON, MA US",2018-08-29,11.41,0.0,0.0,89.0,98,81
USW00014739,"BOSTON, MA US",2018-08-30,11.18,0.0,0.0,83.0,92,71
USW00014739,"BOSTON, MA US",2018-08-31,10.96,0.0,0.0,71.0,73,63
USW00014739,"BOSTON, MA US",2018-09-01,7.38,0.0,0.0,68.0,74,63
USW00014739,"BOSTON, MA US",2018-09-02,8.95,0.0,0.0,72.0,84,64
USW00014739,"BOSTON, MA US",2018-09-03,10.51,0.0,0.0,81.0,96,73
USW00014739,"BOSTON, MA US",2018-09-04,9.62,0.0,0.0,83.0,87,73
USW00014739,"BOSTON, MA US",2018-09-05,9.84,0.0,0.0,79.0,92,71
USW00014739,"BOSTON, MA US",2018-09-06,10.07,0.03,0.0,81.0,97,74
USW00014739,"BOSTON, MA US",2018-09-07,8.5,0.0,0.0,71.0,75,66
USW00014739,"BOSTON, MA US",2018-09-08,9.62,0.0,0.0,67.0,71,59
USW00014739,"BOSTON, MA US",2018-09-09,13.65,0.0,0.0,61.0,65,57
USW00014739,"BOSTON, MA US",2018-09-10,17.9,0.76,0.0,64.0,68,62
USW00014739,"BOSTON, MA US",2018-09-11,6.04,0.53,0.0,67.0,75,65
USW00014739,"BOSTON, MA US",2018-09-12,7.61,0.26,0.0,69.0,70,66
USW00014739,"BOSTON, MA US",2018-09-13,4.92,0.44,0.0,68.0,71,65
USW00014739,"BOSTON, MA US",2018-09-14,5.37,0.0,0.0,69.0,75,65
USW00014739,"BOSTON, MA US",2018-09-15,5.14,0.0,0.0,67.0,73,63
USW00014739,"BOSTON, MA US",2018-09-16,6.93,0.0,0.0,71.0,81,63
USW00014739,"BOSTON, MA US",2018-09-17,10.51,0.0,0.0,74.0,85,67
USW00014739,"BOSTON, MA US",2018-09-18,5.82,1.15,0.0,73.0,77,69
USW00014739,"BOSTON, MA US",2018-09-19,11.63,0.0,0.0,66.0,71,62
USW00014739,"BOSTON, MA US",2018-09-20,11.18,0.0,0.0,63.0,66,60
USW00014739,"BOSTON, MA US",2018-09-21,12.3,0.0,0.0,65.0,73,61
USW00014739,"BOSTON, MA US",2018-09-22,12.75,0.03,0.0,69.0,73,57
USW00014739,"BOSTON, MA US",2018-09-23,5.82,0.0,0.0,59.0,65,53
USW00014739,"BOSTON, MA US",2018-09-24,15.43,0.0,0.0,57.0,60,54
USW00014739,"BOSTON, MA US",2018-09-25,14.99,1.24,0.0,60.0,71,57
USW00014739,"BOSTON, MA US",2018-09-26,12.75,0.28,0.0,74.0,84,68
USW00014739,"BOSTON, MA US",2018-09-27,10.74,0.05,0.0,68.0,71,61
USW00014739,"BOSTON, MA US",2018-09-28,8.95,0.35,0.0,60.0,62,58
USW00014739,"BOSTON, MA US",2018-09-29,7.61,0.0,0.0,63.0,74,55
USW00014739,"BOSTON, MA US",2018-09-30,7.16,0.0,0.0,62.0,70,54
USW00014739,"BOSTON, MA US",2018-10-01,8.95,0.06,0.0,62.0,68,57
USW00014739,"BOSTON, MA US",2018-10-02,7.83,0.29,0.0,58.0,64,57
USW00014739,"BOSTON, MA US",2018-10-03,5.37,0.21,0.0,59.0,64,54
USW00014739,"BOSTON, MA US",2018-10-04,10.96,0.0,0.0,65.0,73,59
USW00014739,"BOSTON, MA US",2018-10-05,10.74,0.0,0.0,62.0,69,53
USW00014739,"BOSTON, MA US",2018-10-06,7.61,0.0,0.0,56.0,63,51
USW00014739,"BOSTON, MA US",2018-10-07,10.51,0.1,0.0,67.0,80,60
USW00014739,"BOSTON, MA US",2018-10-08,9.4,0.0,0.0,58.0,60,55
USW00014739,"BOSTON, MA US",2018-10-09,12.3,0.0,0.0,67.0,80,58
USW00014739,"BOSTON, MA US",2018-10-10,12.3,0.0,0.0,75.0,86,68
USW00014739,"BOSTON, MA US",2018-10-11,7.83,0.6,0.0,65.0,72,58
USW00014739,"BOSTON, MA US",2018-10-12,11.18,0.09,0.0,59.0,63,51
USW00014739,"BOSTON, MA US",2018-10-13,9.4,0.13,0.0,52.0,54,46
USW00014739,"BOSTON, MA US",2018-10-14,10.07,0.0,0.0,51.0,59,45
USW00014739,"BOSTON, MA US",2018-10-15,12.3,0.07,0.0,54.0,70,45
USW00014739,"BOSTON, MA US",2018-10-16,14.09,0.03,0.0,57.0,60,47
USW00014739,"BOSTON, MA US",2018-10-17,14.09,0.0,0.0,52.0,63,44
USW00014739,"BOSTON, MA US",2018-10-18,15.43,0.0,0.0,45.0,49,39
USW00014739,"BOSTON, MA US",2018-10-19,13.87,0.0,0.0,48.0,63,37
USW00014739,"BOSTON, MA US",2018-10-20,13.2,0.0,0.0,59.0,66,49
USW00014739,"BOSTON, MA US",2018-10-21,14.76,0.03,0.0,49.0,53,37
USW00014739,"BOSTON, MA US",2018-10-22,8.95,0.0,0.0,43.0,54,34
USW00014739,"BOSTON, MA US",2018-10-23,8.5,0.41,0.0,49.0,56,41
USW00014739,"BOSTON, MA US",2018-10-24,11.18,0.04,0.0,46.0,49,41
USW00014739,"BOSTON, MA US",2018-10-25,13.42,0.0,0.0,44.0,51,37
USW00014739,"BOSTON, MA US",2018-10-26,8.28,0.0,0.0,40.0,48,34
USW00014739,"BOSTON, MA US",2018-10-27,24.61,1.17,0.0,47.0,52,43
USW00014739,"BOSTON, MA US",2018-10-28,8.72,0.03,0.0,49.0,54,43
USW00014739,"BOSTON, MA US",2018-10-29,9.62,0.52,0.0,52.0,60,44
USW00014739,"BOSTON, MA US",2018-10-30,12.53,0.0,0.0,47.0,50,39
USW00014739,"BOSTON, MA US",2018-10-31,9.4,0.0,0.0,45.0,58,37
USW00014739,"BOSTON, MA US",2018-11-01,6.71,0.01,0.0,58.0,64,53
USW00014739,"BOSTON, MA US",2018-11-02,12.75,0.36,0.0,61.0,70,53
USW00014739,"BOSTON, MA US",2018-11-03,18.12,1.39,0.0,60.0,68,47
USW00014739,"BOSTON, MA US",2018-11-04,9.84,0.0,0.0,49.0,56,42
USW00014739,"BOSTON, MA US",2018-11-05,13.65,0.36,0.0,49.0,52,46
USW00014739,"BOSTON, MA US",2018-11-06,8.95,0.78,0.0,51.0,60,48
USW00014739,"BOSTON, MA US",2018-11-07,12.75,0.0,0.0,59.0,64,53
USW00014739,"BOSTON, MA US",2018-11-08,10.74,0.0,0.0,52.0,57,44
USW00014739,"BOSTON, MA US",2018-11-09,14.76,1.1,0.0,46.0,50,38
USW00014739,"BOSTON, MA US",2018-11-10,17.0,0.45,0.0,48.0,50,37
USW00014739,"BOSTON, MA US",2018-11-11,13.2,0.0,0.0,40.0,46,35
USW00014739,"BOSTON, MA US",2018-11-12,6.93,0.0,0.0,41.0,50,33
USW00014739,"BOSTON, MA US",2018-11-13,13.87,1.1,0.0,48.0,54,42
USW00014739,"BOSTON, MA US",2018-11-14,17.0,0.0,0.0,38.0,42,25
USW00014739,"BOSTON, MA US",2018-11-15,9.84,0.46,0.1,27.0,38,23
USW00014739,"BOSTON, MA US",2018-11-16,20.8,0.57,0.0,38.0,46,35
USW00014739,"BOSTON, MA US",2018-11-17,12.75,0.0,0.0,42.0,50,37
USW00014739,"BOSTON, MA US",2018-11-18,6.71,0.0,0.0,40.0,41,38
USW00014739,"BOSTON, MA US",2018-11-19,5.59,0.17,0.0,39.0,41,36
USW00014739,"BOSTON, MA US",2018-11-20,10.07,0.4,0.0,39.0,42,35
USW00014739,"BOSTON, MA US",2018-11-21,15.88,0.0,0.0,37.0,43,24
USW00014739,"BOSTON, MA US",2018-11-22,18.57,0.0,0.0,20.0,24,14
USW00014739,"BOSTON, MA US",2018-11-23,12.3,0.0,0.0,21.0,32,15
USW00014739,"BOSTON, MA US",2018-11-24,10.51,0.0,0.0,35.0,47,29
USW00014739,"BOSTON, MA US",2018-11-25,8.95,0.78,0.0,45.0,49,42
USW00014739,"BOSTON, MA US",2018-11-26,13.42,0.87,0.0,45.0,47,42
USW00014739,"BOSTON, MA US",2018-11-27,17.0,0.46,0.0,45.0,49,38
USW00014739,"BOSTON, MA US",2018-11-28,15.21,0.0,0.0,40.0,44,36
USW00014739,"BOSTON, MA US",2018-11-29,15.66,0.0,0.0,42.0,46,37
USW00014739,"BOSTON, MA US",2018-11-30,6.71,0.0,0.0,38.0,44,33
USW00014739,"BOSTON, MA US",2018-12-01,6.71,0.0,0.0,39.0,45,35
USW00014739,"BOSTON, MA US",2018-12-02,8.05,0.75,0.0,44.0,51,41
USW00014739,"BOSTON, MA US",2018-12-03,10.51,0.0,0.0,50.0,58,44
USW00014739,"BOSTON, MA US",2018-12-04,15.66,0.0,0.0,40.0,44,27
USW00014739,"BOSTON, MA US",2018-12-05,6.93,0.0,0.0,29.0,36,25
USW00014739,"BOSTON, MA US",2018-12-06,10.96,0.0,0.0,35.0,42,30
USW00014739,"BOSTON, MA US",2018-12-07,13.42,0.0,0.0,37.0,40,26
USW00014739,"BOSTON, MA US",2018-12-08,10.51,0.0,0.0,26.0,31,20
USW00014739,"BOSTON, MA US",2018-12-09,9.4,0.0,0.0,29.0,37,23
USW00014739,"BOSTON, MA US",2018-12-10,8.95,0.0,0.0,33.0,39,26
USW00014739,"BOSTON, MA US",2018-12-11,6.71,0.0,0.0,30.0,38,23
USW00014739,"BOSTON, MA US",2018-12-12,12.3,0.0,0.0,34.0,39,24
USW00014739,"BOSTON, MA US",2018-12-13,6.04,0.0,0.0,27.0,35,21
USW00014739,"BOSTON, MA US",2018-12-14,5.82,0.0,0.0,36.0,46,29
USW00014739,"BOSTON, MA US",2018-12-15,9.17,0.0,0.0,48.0,55,40
USW00014739,"BOSTON, MA US",2018-12-16,17.9,0.54,0.0,44.0,45,41
USW00014739,"BOSTON, MA US",2018-12-17,14.54,0.04,0.0,40.0,43,36
USW00014739,"BOSTON, MA US",2018-12-18,20.8,0.02,0.1,33.0,39,25
USW00014739,"BOSTON, MA US",2018-12-19,9.84,0.0,0.0,31.0,42,24
USW00014739,"BOSTON, MA US",2018-12-20,8.05,0.0,0.0,39.0,50,32
USW00014739,"BOSTON, MA US",2018-12-21,14.76,0.61,0.0,52.0,65,43
USW00014739,"BOSTON, MA US",2018-12-22,17.22,0.02,0.0,52.0,56,37
USW00014739,"BOSTON, MA US",2018-12-23,12.08,0.0,0.0,38.0,43,33
USW00014739,"BOSTON, MA US",2018-12-24,7.61,0.0,0.0,35.0,39,32
USW00014739,"BOSTON, MA US",2018-12-25,10.74,0.0,0.0,36.0,39,29
USW00014739,"BOSTON, MA US",2018-12-26,10.51,0.0,0.0,32.0,40,26
USW00014739,"BOSTON, MA US",2018-12-27,9.17,0.0,0.0,34.0,38,30
USW00014739,"BOSTON, MA US",2018-12-28,11.41,0.33,0.0,41.0,57,34
USW00014739,"BOSTON, MA US",2018-12-29,13.2,0.0,0.0,49.0,54,32
USW00014739,"BOSTON, MA US",2018-12-30,6.26,0.0,0.0,32.0,34,26
USW00014739,"BOSTON, MA US",2018-12-31,10.51,0.41,0.0,36.0,45,31
USW00014739,"BOSTON, MA US",2019-01-01,15.88,0.38,0.0,47.0,59,34
USW00014739,"BOSTON, MA US",2019-01-02,9.4,0.0,0.0,33.0,37,28
USW00014739,"BOSTON, MA US",2019-01-03,10.51,0.02,0.0,38.0,46,32
USW00014739,"BOSTON, MA US",2019-01-04,11.18,0.0,0.0,40.0,48,34
USW00014739,"BOSTON, MA US",2019-01-05,9.17,0.53,0.0,41.0,43,38
USW00014739,"BOSTON, MA US",2019-01-06,14.32,0.0,0.0,40.0,47,25
USW00014739,"BOSTON, MA US",2019-01-07,11.63,0.0,0.0,26.0,31,19
USW00014739,"BOSTON, MA US",2019-01-08,7.61,0.02,0.0,34.0,43,30
USW00014739,"BOSTON, MA US",2019-01-09,15.66,0.13,0.0,40.0,46,35
USW00014739,"BOSTON, MA US",2019-01-10,16.11,0.0,0.0,36.0,37,26
USW00014739,"BOSTON, MA US",2019-01-11,18.12,0.0,0.0,27.0,30,17
USW00014739,"BOSTON, MA US",2019-01-12,14.76,0.0,0.0,20.0,29,15
USW00014739,"BOSTON, MA US",2019-01-13,8.28,0.0,0.0,22.0,29,16
USW00014739,"BOSTON, MA US",2019-01-14,8.72,0.0,0.0,26.0,31,23
USW00014739,"BOSTON, MA US",2019-01-15,7.38,0.0,0.0,30.0,39,24
USW00014739,"BOSTON, MA US",2019-01-16,11.63,0.0,0.0,32.0,41,25
USW00014739,"BOSTON, MA US",2019-01-17,9.62,0.0,0.0,27.0,33,18
USW00014739,"BOSTON, MA US",2019-01-18,6.71,0.0,0.0,32.0,43,27
USW00014739,"BOSTON, MA US",2019-01-19,12.08,0.13,0.5,33.0,37,28
USW00014739,"BOSTON, MA US",2019-01-20,17.9,1.2,1.1,30.0,37,10
USW00014739,"BOSTON, MA US",2019-01-21,20.13,0.0,0.0,9.0,10,5
USW00014739,"BOSTON, MA US",2019-01-22,14.09,0.0,0.0,14.0,28,7
USW00014739,"BOSTON, MA US",2019-01-23,13.65,0.0,0.0,29.0,48,20
USW00014739,"BOSTON, MA US",2019-01-24,23.71,1.0,0.0,52.0,59,37
USW00014739,"BOSTON, MA US",2019-01-25,13.65,0.0,0.0,39.0,42,29
USW00014739,"BOSTON, MA US",2019-01-26,8.5,0.0,0.0,30.0,36,25
USW00014739,"BOSTON, MA US",2019-01-27,13.2,0.0,0.0,35.0,47,27
USW00014739,"BOSTON, MA US",2019-01-28,10.07,0.0,0.0,34.0,42,24
USW00014739,"BOSTON, MA US",2019-01-29,12.53,0.05,0.0,28.0,38,20
USW00014739,"BOSTON, MA US",2019-01-30,15.88,0.16,0.5,33.0,39,9
USW00014739,"BOSTON, MA US",2019-01-31,17.22,0.0,0.0,12.0,18,5
USW00014739,"BOSTON, MA US",2019-02-01,13.2,0.0,0.0,16.0,23,10
USW00014739,"BOSTON, MA US",2019-02-02,12.75,0.0,0.0,22.0,35,14
USW00014739,"BOSTON, MA US",2019-02-03,6.26,0.0,0.0,34.0,39,27
USW00014739,"BOSTON, MA US",2019-02-04,9.4,0.0,0.0,45.0,63,35
USW00014739,"BOSTON, MA US",2019-02-05,12.08,0.0,0.0,51.0,65,40
USW00014739,"BOSTON, MA US",2019-02-06,10.07,0.37,0.0,40.0,44,33
USW00014739,"BOSTON, MA US",2019-02-07,9.62,0.21,0.0,38.0,42,35
USW00014739,"BOSTON, MA US",2019-02-08,13.2,0.07,0.0,43.0,57,31
USW00014739,"BOSTON, MA US",2019-02-09,19.69,0.0,0.0,31.0,36,25
USW00014739,"BOSTON, MA US",2019-02-10,12.3,0.0,0.0,30.0,37,24
USW00014739,"BOSTON, MA US",2019-02-11,10.51,0.0,0.0,32.0,37,26
USW00014739,"BOSTON, MA US",2019-02-12,14.09,0.91,2.4,26.0,38,19
USW00014739,"BOSTON, MA US",2019-02-13,13.42,0.28,0.1,38.0,43,33
USW00014739,"BOSTON, MA US",2019-02-14,13.65,0.0,0.0,35.0,40,31
USW00014739,"BOSTON, MA US",2019-02-15,11.41,0.1,0.0,40.0,52,31
USW00014739,"BOSTON, MA US",2019-02-16,12.08,0.0,0.0,43.0,49,31
USW00014739,"BOSTON, MA US",2019-02-17,9.62,0.0,0.0,30.0,34,24
USW00014739,"BOSTON, MA US",2019-02-18,10.29,0.31,3.6,30.0,32,21
USW00014739,"BOSTON, MA US",2019-02-19,13.42,0.0,0.0,25.0,34,18
USW00014739,"BOSTON, MA US",2019-02-20,8.05,0.1,0.8,26.0,31,21
USW00014739,"BOSTON, MA US",2019-02-21,10.29,0.42,1.3,34.0,48,26
USW00014739,"BOSTON, MA US",2019-02-22,8.95,0.0,0.0,42.0,46,36
USW00014739,"BOSTON, MA US",2019-02-23,6.49,0.0,0.0,35.0,38,30
USW00014739,"BOSTON, MA US",2019-02-24,13.87,0.48,0.0,39.0,47,34
USW00014739,"BOSTON, MA US",2019-02-25,23.04,0.0,0.0,39.0,42,30
USW00014739,"BOSTON, MA US",2019-02-26,20.13,0.0,0.0,29.0,32,20
USW00014739,"BOSTON, MA US",2019-02-27,9.62,0.05,1.2,20.0,26,13
USW00014739,"BOSTON, MA US",2019-02-28,8.5,0.15,2.2,24.0,31,19
USW00014739,"BOSTON, MA US",2019-03-01,6.71,0.0,0.0,29.0,38,23
USW00014739,"BOSTON, MA US",2019-03-02,10.07,0.18,2.0,33.0,34,32
USW00014739,"BOSTON, MA US",2019-03-03,8.5,0.09,0.7,35.0,41,32
USW00014739,"BOSTON, MA US",2019-03-04,13.2,0.97,9.9,36.0,40,25
USW00014739,"BOSTON, MA US",2019-03-05,10.51,0.0,0.0,26.0,31,19
USW00014739,"BOSTON, MA US",2019-03-06,16.11,0.0,0.0,24.0,27,18
USW00014739,"BOSTON, MA US",2019-03-07,13.87,0.0,0.0,21.0,30,15
USW00014739,"BOSTON, MA US",2019-03-08,10.96,0.0,0.0,27.0,38,18
USW00014739,"BOSTON, MA US",2019-03-09,6.93,0.0,0.0,34.0,46,26
USW00014739,"BOSTON, MA US",2019-03-10,12.75,0.46,0.9,35.0,40,31
USW00014739,"BOSTON, MA US",2019-03-11,14.54,0.0,0.0,43.0,50,37
USW00014739,"BOSTON, MA US",2019-03-12,13.87,0.0,0.0,40.0,45,34
USW00014739,"BOSTON, MA US",2019-03-13,7.83,0.0,0.0,36.0,40,30
USW00014739,"BOSTON, MA US",2019-03-14,7.38,0.0,0.0,41.0,51,36
USW00014739,"BOSTON, MA US",2019-03-15,12.97,0.2,0.0,52.0,64,40
USW00014739,"BOSTON, MA US",2019-03-16,18.79,0.0,0.0,50.0,56,36
USW00014739,"BOSTON, MA US",2019-03-17,14.09,0.0,0.0,38.0,43,32
USW00014739,"BOSTON, MA US",2019-03-18,10.29,0.0,0.0,36.0,44,28
USW00014739,"BOSTON, MA US",2019-03-19,7.83,0.0,0.0,39.0,48,32
USW00014739,"BOSTON, MA US",2019-03-20,10.51,0.0,0.0,40.0,51,31
USW00014739,"BOSTON, MA US",2019-03-21,10.74,0.0,0.0,43.0,52,33
USW00014739,"BOSTON, MA US",2019-03-22,21.03,0.88,0.0,41.0,44,40
USW00014739,"BOSTON, MA US",2019-03-23,21.7,0.04,0.0,41.0,48,34
USW00014739,"BOSTON, MA US",2019-03-24,13.2,0.0,0.0,44.0,60,34
USW00014739,"BOSTON, MA US",2019-03-25,10.29,0.0,0.0,47.0,52,36
USW00014739,"BOSTON, MA US",2019-03-26,10.07,0.0,0.0,37.0,44,31
USW00014739,"BOSTON, MA US",2019-03-27,10.74,0.0,0.0,36.0,41,30
USW00014739,"BOSTON, MA US",2019-03-28,15.21,0.01,0.0,41.0,54,33
USW00014739,"BOSTON, MA US",2019-03-29,11.41,0.03,0.0,49.0,58,44
USW00014739,"BOSTON, MA US",2019-03-30,11.63,0.0,0.0,51.0,67,44
USW00014739,"BOSTON, MA US",2019-03-31,17.0,0.09,0.0,58.0,70,41
USW00014739,"BOSTON, MA US",2019-04-01,16.11,0.0,0.0,42.0,47,37
USW00014739,"BOSTON, MA US",2019-04-02,10.51,0.05,0.0,42.0,53,30
USW00014739,"BOSTON, MA US",2019-04-03,18.12,0.4,0.0,47.0,65,40
USW00014739,"BOSTON, MA US",2019-04-04,17.67,0.0,0.0,46.0,53,38
USW00014739,"BOSTON, MA US",2019-04-05,10.51,0.13,0.0,40.0,46,35
USW00014739,"BOSTON, MA US",2019-04-06,7.38,0.09,0.0,47.0,67,37
USW00014739,"BOSTON, MA US",2019-04-07,8.28,0.0,0.0,55.0,69,43
USW00014739,"BOSTON, MA US",2019-04-08,11.63,0.31,0.0,47.0,54,37
USW00014739,"BOSTON, MA US",2019-04-09,9.84,0.06,0.0,38.0,41,36
USW00014739,"BOSTON, MA US",2019-04-10,13.65,0.01,0.0,42.0,47,36
USW00014739,"BOSTON, MA US",2019-04-11,9.84,0.0,0.0,42.0,52,35
USW00014739,"BOSTON, MA US",2019-04-12,,0.11,0.0,45.0,58,41
USW00014739,"BOSTON, MA US",2019-04-13,,0.28,0.0,,75,57
